1,2;71
1,4;22
1,6;63
1,8;13
1,10;81
1,12;50
1,14;18
1,16;17
1,18;13
1,20;47
1,22;72
1,24;12
1,26;27
1,28;74
1,30;64
1,32;25
1,34;25
1,36;30
1,38;65
1,40;14
1,42;27
1,44;84
1,46;67
1,48;63
1,50;14
1,52;33
1,54;36
1,56;13
1,58;13
1,60;49
1,62;95
1,64;44
1,66;13
1,68;44
1,70;41
1,72;49
1,74;1
1,76;52
1,78;16
1,80;32
1,82;87
1,84;55
1,86;23
1,88;69
1,90;7
1,92;70
1,94;72
1,96;6
1,98;99
1,100;91
1,102;34
1,104;87
1,106;54
1,108;92
1,110;99
1,112;60
1,114;23
1,116;53
1,118;11
1,120;60
1,122;15
1,124;6
1,126;96
1,128;49
1,130;8
1,132;72
1,134;85
1,136;35
1,138;33
1,140;94
1,142;63
1,144;58
1,146;33
1,148;57
1,150;93
1,152;20
1,154;82
1,156;26
1,158;88
1,160;75
1,162;51
1,164;89
1,166;71
1,168;96
1,170;47
1,172;93
1,174;43
1,176;100
1,178;19
1,180;48
1,182;45
1,184;40
1,186;100
1,188;60
1,190;66
1,192;80
1,194;17
1,196;24
1,198;51
1,200;69
3,2;46
3,4;44
3,6;70
3,8;55
3,10;43
3,12;33
3,14;76
3,16;8
3,18;48
3,20;32
3,22;14
3,24;74
3,26;43
3,28;87
3,30;12
3,32;99
3,34;93
3,36;44
3,38;89
3,40;87
3,42;1
3,44;12
3,46;22
3,48;83
3,50;55
3,52;26
3,54;61
3,56;18
3,58;29
3,60;18
3,62;3
3,64;3
3,66;55
3,68;41
3,70;71
3,72;81
3,74;10
3,76;73
3,78;66
3,80;80
3,82;57
3,84;70
3,86;10
3,88;98
3,90;100
3,92;42
3,94;60
3,96;2
3,98;100
3,100;71
3,102;98
3,104;82
3,106;47
3,108;25
3,110;30
3,112;90
3,114;47
3,116;22
3,118;86
3,120;84
3,122;99
3,124;50
3,126;7
3,128;62
3,130;2
3,132;85
3,134;6
3,136;100
3,138;76
3,140;16
3,142;11
3,144;87
3,146;79
3,148;35
3,150;13
3,152;76
3,154;91
3,156;22
3,158;73
3,160;88
3,162;71
3,164;3
3,166;92
3,168;16
3,170;48
3,172;81
3,174;43
3,176;39
3,178;12
3,180;71
3,182;65
3,184;72
3,186;37
3,188;80
3,190;99
3,192;76
3,194;74
3,196;37
3,198;3
3,200;63
5,2;99
5,4;54
5,6;62
5,8;49
5,10;90
5,12;63
5,14;5
5,16;13
5,18;70
5,20;92
5,22;20
5,24;47
5,26;74
5,28;79
5,30;89
5,32;19
5,34;87
5,36;34
5,38;91
5,40;1
5,42;49
5,44;38
5,46;29
5,48;46
5,50;58
5,52;38
5,54;36
5,56;25
5,58;69
5,60;82
5,62;30
5,64;86
5,66;92
5,68;16
5,70;80
5,72;90
5,74;74
5,76;87
5,78;94
5,80;90
5,82;50
5,84;30
5,86;16
5,88;90
5,90;71
5,92;17
5,94;44
5,96;44
5,98;79
5,100;26
5,102;3
5,104;93
5,106;97
5,108;13
5,110;57
5,112;88
5,114;49
5,116;53
5,118;99
5,120;90
5,122;55
5,124;7
5,126;91
5,128;7
5,130;95
5,132;100
5,134;65
5,136;71
5,138;45
5,140;33
5,142;68
5,144;91
5,146;48
5,148;52
5,150;18
5,152;12
5,154;47
5,156;88
5,158;48
5,160;78
5,162;88
5,164;66
5,166;15
5,168;34
5,170;9
5,172;51
5,174;88
5,176;87
5,178;53
5,180;11
5,182;77
5,184;39
5,186;96
5,188;77
5,190;91
5,192;6
5,194;76
5,196;48
5,198;27
5,200;7
7,2;80
7,4;94
7,6;20
7,8;62
7,10;71
7,12;95
7,14;43
7,16;88
7,18;95
7,20;76
7,22;32
7,24;80
7,26;10
7,28;18
7,30;64
7,32;13
7,34;48
7,36;57
7,38;57
7,40;81
7,42;98
7,44;48
7,46;53
7,48;47
7,50;86
7,52;55
7,54;39
7,56;64
7,58;95
7,60;94
7,62;63
7,64;40
7,66;34
7,68;93
7,70;29
7,72;70
7,74;50
7,76;15
7,78;95
7,80;46
7,82;80
7,84;29
7,86;49
7,88;100
7,90;2
7,92;74
7,94;49
7,96;90
7,98;55
7,100;84
7,102;73
7,104;33
7,106;53
7,108;14
7,110;53
7,112;44
7,114;7
7,116;35
7,118;41
7,120;94
7,122;49
7,124;55
7,126;90
7,128;67
7,130;52
7,132;85
7,134;58
7,136;38
7,138;27
7,140;79
7,142;6
7,144;40
7,146;22
7,148;87
7,150;31
7,152;55
7,154;87
7,156;60
7,158;89
7,160;86
7,162;100
7,164;4
7,166;30
7,168;4
7,170;81
7,172;19
7,174;56
7,176;64
7,178;6
7,180;100
7,182;90
7,184;88
7,186;67
7,188;55
7,190;65
7,192;12
7,194;84
7,196;25
7,198;86
7,200;71
9,2;69
9,4;12
9,6;64
9,8;32
9,10;95
9,12;9
9,14;41
9,16;19
9,18;3
9,20;14
9,22;58
9,24;60
9,26;75
9,28;63
9,30;52
9,32;7
9,34;27
9,36;44
9,38;22
9,40;8
9,42;33
9,44;82
9,46;49
9,48;16
9,50;49
9,52;35
9,54;31
9,56;47
9,58;63
9,60;65
9,62;5
9,64;26
9,66;18
9,68;81
9,70;9
9,72;55
9,74;50
9,76;61
9,78;11
9,80;44
9,82;8
9,84;27
9,86;15
9,88;94
9,90;54
9,92;24
9,94;62
9,96;64
9,98;41
9,100;41
9,102;49
9,104;9
9,106;13
9,108;58
9,110;28
9,112;73
9,114;76
9,116;71
9,118;25
9,120;73
9,122;21
9,124;43
9,126;26
9,128;64
9,130;24
9,132;26
9,134;41
9,136;93
9,138;89
9,140;41
9,142;49
9,144;37
9,146;3
9,148;78
9,150;97
9,152;4
9,154;80
9,156;58
9,158;74
9,160;30
9,162;8
9,164;85
9,166;90
9,168;9
9,170;53
9,172;15
9,174;77
9,176;99
9,178;14
9,180;31
9,182;47
9,184;99
9,186;33
9,188;78
9,190;98
9,192;60
9,194;58
9,196;99
9,198;39
9,200;71
11,2;99
11,4;72
11,6;82
11,8;42
11,10;89
11,12;14
11,14;22
11,16;79
11,18;38
11,20;50
11,22;68
11,24;35
11,26;44
11,28;41
11,30;63
11,32;19
11,34;38
11,36;9
11,38;21
11,40;34
11,42;71
11,44;60
11,46;97
11,48;95
11,50;40
11,52;7
11,54;78
11,56;81
11,58;56
11,60;27
11,62;66
11,64;82
11,66;10
11,68;48
11,70;40
11,72;49
11,74;33
11,76;23
11,78;87
11,80;55
11,82;68
11,84;55
11,86;16
11,88;83
11,90;88
11,92;90
11,94;65
11,96;4
11,98;88
11,100;97
11,102;96
11,104;42
11,106;93
11,108;69
11,110;77
11,112;58
11,114;3
11,116;78
11,118;100
11,120;55
11,122;55
11,124;1
11,126;5
11,128;11
11,130;34
11,132;78
11,134;84
11,136;4
11,138;4
11,140;71
11,142;9
11,144;94
11,146;52
11,148;33
11,150;93
11,152;72
11,154;64
11,156;43
11,158;84
11,160;80
11,162;16
11,164;61
11,166;79
11,168;72
11,170;35
11,172;83
11,174;10
11,176;31
11,178;72
11,180;19
11,182;26
11,184;7
11,186;98
11,188;22
11,190;79
11,192;63
11,194;78
11,196;72
11,198;56
11,200;49
13,2;19
13,4;46
13,6;26
13,8;48
13,10;60
13,12;84
13,14;80
13,16;76
13,18;42
13,20;95
13,22;27
13,24;8
13,26;95
13,28;70
13,30;68
13,32;55
13,34;33
13,36;61
13,38;20
13,40;94
13,42;90
13,44;60
13,46;51
13,48;98
13,50;89
13,52;4
13,54;62
13,56;45
13,58;74
13,60;2
13,62;17
13,64;82
13,66;65
13,68;86
13,70;96
13,72;14
13,74;59
13,76;78
13,78;96
13,80;16
13,82;37
13,84;23
13,86;29
13,88;90
13,90;39
13,92;76
13,94;85
13,96;73
13,98;87
13,100;3
13,102;99
13,104;1
13,106;8
13,108;10
13,110;19
13,112;27
13,114;47
13,116;61
13,118;40
13,120;7
13,122;29
13,124;96
13,126;28
13,128;36
13,130;69
13,132;25
13,134;7
13,136;15
13,138;69
13,140;6
13,142;99
13,144;15
13,146;34
13,148;28
13,150;8
13,152;10
13,154;83
13,156;44
13,158;75
13,160;49
13,162;52
13,164;54
13,166;84
13,168;60
13,170;39
13,172;77
13,174;47
13,176;42
13,178;26
13,180;28
13,182;19
13,184;42
13,186;86
13,188;31
13,190;33
13,192;78
13,194;30
13,196;70
13,198;44
13,200;7
15,2;52
15,4;96
15,6;56
15,8;91
15,10;99
15,12;90
15,14;83
15,16;32
15,18;68
15,20;57
15,22;8
15,24;29
15,26;66
15,28;69
15,30;63
15,32;10
15,34;99
15,36;93
15,38;89
15,40;68
15,42;54
15,44;93
15,46;84
15,48;34
15,50;51
15,52;36
15,54;45
15,56;80
15,58;67
15,60;36
15,62;78
15,64;91
15,66;14
15,68;73
15,70;28
15,72;71
15,74;60
15,76;71
15,78;83
15,80;25
15,82;62
15,84;42
15,86;33
15,88;63
15,90;23
15,92;15
15,94;68
15,96;50
15,98;70
15,100;11
15,102;67
15,104;84
15,106;85
15,108;67
15,110;58
15,112;91
15,114;85
15,116;4
15,118;5
15,120;29
15,122;64
15,124;59
15,126;26
15,128;70
15,130;78
15,132;29
15,134;60
15,136;8
15,138;27
15,140;66
15,142;5
15,144;9
15,146;17
15,148;22
15,150;18
15,152;93
15,154;55
15,156;72
15,158;86
15,160;8
15,162;10
15,164;2
15,166;81
15,168;47
15,170;14
15,172;24
15,174;43
15,176;14
15,178;22
15,180;40
15,182;49
15,184;14
15,186;48
15,188;2
15,190;64
15,192;48
15,194;66
15,196;37
15,198;80
15,200;81
17,2;1
17,4;43
17,6;10
17,8;99
17,10;4
17,12;51
17,14;35
17,16;17
17,18;7
17,20;67
17,22;85
17,24;94
17,26;52
17,28;68
17,30;27
17,32;74
17,34;22
17,36;34
17,38;64
17,40;55
17,42;96
17,44;61
17,46;63
17,48;92
17,50;45
17,52;91
17,54;45
17,56;68
17,58;14
17,60;34
17,62;96
17,64;27
17,66;28
17,68;18
17,70;25
17,72;40
17,74;67
17,76;49
17,78;64
17,80;56
17,82;30
17,84;48
17,86;47
17,88;48
17,90;64
17,92;93
17,94;13
17,96;3
17,98;59
17,100;47
17,102;98
17,104;53
17,106;36
17,108;5
17,110;76
17,112;24
17,114;78
17,116;2
17,118;88
17,120;97
17,122;87
17,124;32
17,126;19
17,128;73
17,130;85
17,132;43
17,134;72
17,136;8
17,138;29
17,140;89
17,142;74
17,144;88
17,146;8
17,148;66
17,150;93
17,152;64
17,154;44
17,156;47
17,158;66
17,160;57
17,162;66
17,164;52
17,166;72
17,168;53
17,170;66
17,172;46
17,174;83
17,176;64
17,178;91
17,180;51
17,182;83
17,184;87
17,186;14
17,188;78
17,190;4
17,192;10
17,194;98
17,196;79
17,198;67
17,200;30
19,2;41
19,4;75
19,6;24
19,8;48
19,10;66
19,12;2
19,14;4
19,16;18
19,18;30
19,20;22
19,22;67
19,24;70
19,26;75
19,28;7
19,30;49
19,32;68
19,34;85
19,36;37
19,38;48
19,40;47
19,42;36
19,44;53
19,46;91
19,48;81
19,50;39
19,52;77
19,54;54
19,56;98
19,58;48
19,60;19
19,62;92
19,64;59
19,66;53
19,68;5
19,70;33
19,72;51
19,74;75
19,76;17
19,78;41
19,80;66
19,82;93
19,84;17
19,86;48
19,88;90
19,90;85
19,92;20
19,94;50
19,96;68
19,98;4
19,100;47
19,102;46
19,104;50
19,106;61
19,108;62
19,110;15
19,112;53
19,114;90
19,116;47
19,118;99
19,120;40
19,122;11
19,124;97
19,126;2
19,128;67
19,130;96
19,132;68
19,134;64
19,136;7
19,138;23
19,140;73
19,142;65
19,144;34
19,146;70
19,148;89
19,150;47
19,152;89
19,154;49
19,156;26
19,158;69
19,160;60
19,162;8
19,164;10
19,166;18
19,168;13
19,170;77
19,172;44
19,174;41
19,176;95
19,178;15
19,180;97
19,182;86
19,184;4
19,186;13
19,188;31
19,190;6
19,192;85
19,194;92
19,196;45
19,198;16
19,200;71
21,2;7
21,4;19
21,6;38
21,8;55
21,10;89
21,12;22
21,14;14
21,16;30
21,18;12
21,20;39
21,22;66
21,24;83
21,26;88
21,28;77
21,30;39
21,32;84
21,34;35
21,36;17
21,38;63
21,40;25
21,42;48
21,44;2
21,46;20
21,48;67
21,50;62
21,52;89
21,54;8
21,56;78
21,58;27
21,60;90
21,62;17
21,64;75
21,66;1
21,68;35
21,70;91
21,72;70
21,74;34
21,76;57
21,78;1
21,80;16
21,82;80
21,84;66
21,86;49
21,88;93
21,90;73
21,92;79
21,94;7
21,96;70
21,98;100
21,100;46
21,102;70
21,104;13
21,106;26
21,108;29
21,110;82
21,112;84
21,114;33
21,116;83
21,118;74
21,120;44
21,122;91
21,124;74
21,126;27
21,128;9
21,130;34
21,132;62
21,134;25
21,136;92
21,138;77
21,140;19
21,142;87
21,144;63
21,146;93
21,148;92
21,150;2
21,152;73
21,154;27
21,156;71
21,158;69
21,160;50
21,162;25
21,164;65
21,166;38
21,168;100
21,170;76
21,172;63
21,174;23
21,176;25
21,178;74
21,180;100
21,182;9
21,184;66
21,186;6
21,188;51
21,190;99
21,192;66
21,194;11
21,196;93
21,198;65
21,200;78
23,2;70
23,4;15
23,6;86
23,8;9
23,10;87
23,12;27
23,14;36
23,16;49
23,18;40
23,20;39
23,22;90
23,24;32
23,26;6
23,28;59
23,30;59
23,32;1
23,34;62
23,36;46
23,38;75
23,40;92
23,42;2
23,44;38
23,46;52
23,48;99
23,50;59
23,52;28
23,54;15
23,56;22
23,58;42
23,60;97
23,62;66
23,64;68
23,66;31
23,68;16
23,70;91
23,72;61
23,74;11
23,76;70
23,78;28
23,80;55
23,82;55
23,84;96
23,86;90
23,88;75
23,90;77
23,92;92
23,94;90
23,96;71
23,98;46
23,100;95
23,102;65
23,104;49
23,106;17
23,108;80
23,110;18
23,112;42
23,114;92
23,116;1
23,118;18
23,120;81
23,122;51
23,124;54
23,126;27
23,128;90
23,130;96
23,132;69
23,134;14
23,136;30
23,138;45
23,140;59
23,142;67
23,144;86
23,146;65
23,148;68
23,150;19
23,152;84
23,154;37
23,156;94
23,158;57
23,160;99
23,162;16
23,164;54
23,166;25
23,168;51
23,170;51
23,172;92
23,174;14
23,176;73
23,178;49
23,180;98
23,182;80
23,184;34
23,186;98
23,188;56
23,190;7
23,192;82
23,194;59
23,196;42
23,198;66
23,200;75
25,2;97
25,4;8
25,6;47
25,8;71
25,10;94
25,12;79
25,14;72
25,16;74
25,18;87
25,20;86
25,22;88
25,24;90
25,26;53
25,28;13
25,30;13
25,32;80
25,34;33
25,36;92
25,38;80
25,40;81
25,42;81
25,44;50
25,46;15
25,48;55
25,50;87
25,52;99
25,54;92
25,56;74
25,58;21
25,60;25
25,62;72
25,64;66
25,66;22
25,68;92
25,70;66
25,72;8
25,74;8
25,76;8
25,78;14
25,80;47
25,82;27
25,84;12
25,86;75
25,88;48
25,90;64
25,92;47
25,94;18
25,96;25
25,98;67
25,100;56
25,102;3
25,104;93
25,106;76
25,108;24
25,110;47
25,112;75
25,114;75
25,116;85
25,118;50
25,120;7
25,122;60
25,124;36
25,126;87
25,128;60
25,130;23
25,132;30
25,134;41
25,136;82
25,138;70
25,140;42
25,142;76
25,144;88
25,146;84
25,148;67
25,150;21
25,152;34
25,154;94
25,156;50
25,158;32
25,160;84
25,162;77
25,164;30
25,166;12
25,168;28
25,170;35
25,172;51
25,174;4
25,176;1
25,178;62
25,180;55
25,182;97
25,184;91
25,186;14
25,188;9
25,190;82
25,192;96
25,194;19
25,196;93
25,198;10
25,200;59
27,2;6
27,4;7
27,6;77
27,8;87
27,10;54
27,12;82
27,14;62
27,16;42
27,18;83
27,20;44
27,22;25
27,24;23
27,26;54
27,28;14
27,30;16
27,32;98
27,34;64
27,36;17
27,38;57
27,40;54
27,42;39
27,44;64
27,46;34
27,48;85
27,50;38
27,52;23
27,54;67
27,56;67
27,58;51
27,60;81
27,62;77
27,64;94
27,66;78
27,68;77
27,70;52
27,72;51
27,74;43
27,76;38
27,78;9
27,80;65
27,82;79
27,84;39
27,86;92
27,88;37
27,90;51
27,92;24
27,94;62
27,96;32
27,98;53
27,100;30
27,102;14
27,104;81
27,106;81
27,108;14
27,110;83
27,112;7
27,114;86
27,116;68
27,118;57
27,120;44
27,122;24
27,124;23
27,126;80
27,128;72
27,130;60
27,132;68
27,134;11
27,136;95
27,138;95
27,140;12
27,142;100
27,144;55
27,146;68
27,148;60
27,150;57
27,152;57
27,154;71
27,156;25
27,158;63
27,160;68
27,162;47
27,164;5
27,166;15
27,168;42
27,170;59
27,172;25
27,174;32
27,176;14
27,178;73
27,180;71
27,182;56
27,184;80
27,186;12
27,188;43
27,190;55
27,192;100
27,194;82
27,196;17
27,198;36
27,200;74
29,2;41
29,4;22
29,6;59
29,8;79
29,10;82
29,12;41
29,14;81
29,16;17
29,18;22
29,20;70
29,22;42
29,24;69
29,26;22
29,28;85
29,30;92
29,32;46
29,34;80
29,36;98
29,38;51
29,40;37
29,42;7
29,44;91
29,46;8
29,48;74
29,50;95
29,52;25
29,54;33
29,56;16
29,58;65
29,60;39
29,62;66
29,64;32
29,66;19
29,68;64
29,70;29
29,72;12
29,74;64
29,76;92
29,78;37
29,80;70
29,82;55
29,84;83
29,86;16
29,88;31
29,90;74
29,92;74
29,94;76
29,96;8
29,98;61
29,100;70
29,102;76
29,104;75
29,106;48
29,108;59
29,110;58
29,112;25
29,114;74
29,116;11
29,118;48
29,120;90
29,122;22
29,124;39
29,126;98
29,128;46
29,130;33
29,132;42
29,134;62
29,136;77
29,138;29
29,140;35
29,142;5
29,144;22
29,146;87
29,148;31
29,150;39
29,152;94
29,154;8
29,156;10
29,158;2
29,160;16
29,162;78
29,164;8
29,166;93
29,168;91
29,170;87
29,172;97
29,174;8
29,176;27
29,178;71
29,180;43
29,182;7
29,184;57
29,186;6
29,188;82
29,190;44
29,192;16
29,194;46
29,196;11
29,198;59
29,200;77
31,2;2
31,4;39
31,6;55
31,8;54
31,10;83
31,12;47
31,14;80
31,16;61
31,18;69
31,20;10
31,22;34
31,24;72
31,26;87
31,28;26
31,30;1
31,32;51
31,34;90
31,36;21
31,38;6
31,40;56
31,42;5
31,44;79
31,46;52
31,48;36
31,50;56
31,52;57
31,54;86
31,56;20
31,58;28
31,60;44
31,62;55
31,64;19
31,66;17
31,68;40
31,70;86
31,72;9
31,74;77
31,76;10
31,78;20
31,80;55
31,82;44
31,84;74
31,86;77
31,88;62
31,90;46
31,92;85
31,94;81
31,96;29
31,98;18
31,100;31
31,102;44
31,104;90
31,106;59
31,108;32
31,110;28
31,112;1
31,114;3
31,116;97
31,118;64
31,120;15
31,122;79
31,124;93
31,126;2
31,128;92
31,130;12
31,132;36
31,134;63
31,136;18
31,138;4
31,140;26
31,142;82
31,144;70
31,146;4
31,148;89
31,150;18
31,152;1
31,154;41
31,156;5
31,158;60
31,160;82
31,162;66
31,164;91
31,166;22
31,168;56
31,170;31
31,172;34
31,174;55
31,176;80
31,178;49
31,180;10
31,182;7
31,184;21
31,186;74
31,188;79
31,190;68
31,192;51
31,194;13
31,196;67
31,198;22
31,200;70
33,2;30
33,4;33
33,6;69
33,8;77
33,10;71
33,12;29
33,14;93
33,16;80
33,18;57
33,20;95
33,22;76
33,24;36
33,26;28
33,28;20
33,30;18
33,32;89
33,34;32
33,36;64
33,38;28
33,40;62
33,42;21
33,44;7
33,46;79
33,48;2
33,50;97
33,52;100
33,54;58
33,56;72
33,58;85
33,60;25
33,62;47
33,64;57
33,66;63
33,68;39
33,70;77
33,72;100
33,74;54
33,76;57
33,78;26
33,80;45
33,82;38
33,84;53
33,86;2
33,88;9
33,90;73
33,92;54
33,94;7
33,96;1
33,98;87
33,100;84
33,102;47
33,104;63
33,106;87
33,108;47
33,110;67
33,112;95
33,114;13
33,116;53
33,118;84
33,120;70
33,122;36
33,124;24
33,126;39
33,128;45
33,130;68
33,132;42
33,134;79
33,136;27
33,138;24
33,140;26
33,142;46
33,144;30
33,146;54
33,148;71
33,150;14
33,152;72
33,154;87
33,156;24
33,158;19
33,160;71
33,162;94
33,164;15
33,166;6
33,168;92
33,170;99
33,172;78
33,174;88
33,176;78
33,178;38
33,180;4
33,182;12
33,184;8
33,186;56
33,188;87
33,190;21
33,192;86
33,194;61
33,196;37
33,198;98
33,200;9
35,2;46
35,4;21
35,6;80
35,8;44
35,10;21
35,12;33
35,14;5
35,16;88
35,18;53
35,20;47
35,22;31
35,24;18
35,26;40
35,28;57
35,30;92
35,32;31
35,34;54
35,36;5
35,38;95
35,40;31
35,42;5
35,44;16
35,46;86
35,48;22
35,50;12
35,52;45
35,54;96
35,56;66
35,58;51
35,60;21
35,62;10
35,64;64
35,66;22
35,68;81
35,70;73
35,72;35
35,74;81
35,76;37
35,78;2
35,80;3
35,82;4
35,84;9
35,86;88
35,88;13
35,90;96
35,92;26
35,94;82
35,96;68
35,98;38
35,100;47
35,102;37
35,104;53
35,106;25
35,108;66
35,110;16
35,112;87
35,114;52
35,116;25
35,118;86
35,120;81
35,122;89
35,124;43
35,126;84
35,128;46
35,130;90
35,132;54
35,134;99
35,136;35
35,138;58
35,140;32
35,142;55
35,144;66
35,146;82
35,148;87
35,150;66
35,152;5
35,154;78
35,156;77
35,158;33
35,160;74
35,162;81
35,164;52
35,166;4
35,168;20
35,170;64
35,172;80
35,174;9
35,176;41
35,178;59
35,180;67
35,182;35
35,184;2
35,186;98
35,188;18
35,190;85
35,192;10
35,194;21
35,196;24
35,198;23
35,200;22
37,2;58
37,4;32
37,6;14
37,8;55
37,10;32
37,12;20
37,14;50
37,16;49
37,18;89
37,20;13
37,22;86
37,24;82
37,26;16
37,28;90
37,30;91
37,32;70
37,34;82
37,36;94
37,38;46
37,40;5
37,42;30
37,44;19
37,46;90
37,48;100
37,50;7
37,52;94
37,54;81
37,56;57
37,58;25
37,60;26
37,62;21
37,64;6
37,66;43
37,68;84
37,70;59
37,72;72
37,74;8
37,76;25
37,78;92
37,80;7
37,82;10
37,84;92
37,86;71
37,88;57
37,90;30
37,92;31
37,94;9
37,96;6
37,98;14
37,100;24
37,102;59
37,104;17
37,106;70
37,108;21
37,110;9
37,112;52
37,114;66
37,116;1
37,118;4
37,120;82
37,122;8
37,124;57
37,126;54
37,128;31
37,130;23
37,132;98
37,134;59
37,136;82
37,138;46
37,140;65
37,142;1
37,144;77
37,146;25
37,148;43
37,150;7
37,152;16
37,154;68
37,156;36
37,158;48
37,160;61
37,162;70
37,164;62
37,166;94
37,168;80
37,170;87
37,172;4
37,174;42
37,176;22
37,178;80
37,180;76
37,182;6
37,184;4
37,186;98
37,188;92
37,190;86
37,192;31
37,194;49
37,196;76
37,198;63
37,200;3
39,2;10
39,4;77
39,6;66
39,8;39
39,10;74
39,12;80
39,14;49
39,16;11
39,18;35
39,20;26
39,22;31
39,24;21
39,26;84
39,28;13
39,30;32
39,32;24
39,34;44
39,36;9
39,38;79
39,40;23
39,42;2
39,44;60
39,46;1
39,48;71
39,50;98
39,52;47
39,54;6
39,56;39
39,58;90
39,60;75
39,62;62
39,64;57
39,66;9
39,68;20
39,70;48
39,72;48
39,74;86
39,76;44
39,78;40
39,80;18
39,82;99
39,84;18
39,86;88
39,88;34
39,90;16
39,92;91
39,94;31
39,96;37
39,98;50
39,100;27
39,102;51
39,104;24
39,106;14
39,108;43
39,110;5
39,112;11
39,114;41
39,116;89
39,118;7
39,120;22
39,122;76
39,124;10
39,126;46
39,128;92
39,130;96
39,132;32
39,134;34
39,136;47
39,138;23
39,140;63
39,142;84
39,144;2
39,146;21
39,148;79
39,150;95
39,152;30
39,154;19
39,156;89
39,158;73
39,160;39
39,162;20
39,164;1
39,166;68
39,168;98
39,170;67
39,172;74
39,174;70
39,176;38
39,178;72
39,180;29
39,182;87
39,184;15
39,186;15
39,188;84
39,190;55
39,192;93
39,194;29
39,196;49
39,198;78
39,200;2
41,2;52
41,4;53
41,6;44
41,8;84
41,10;17
41,12;84
41,14;98
41,16;24
41,18;43
41,20;62
41,22;3
41,24;90
41,26;21
41,28;79
41,30;76
41,32;51
41,34;24
41,36;64
41,38;42
41,40;75
41,42;77
41,44;100
41,46;5
41,48;9
41,50;80
41,52;59
41,54;80
41,56;31
41,58;55
41,60;3
41,62;64
41,64;60
41,66;61
41,68;47
41,70;43
41,72;49
41,74;7
41,76;80
41,78;93
41,80;33
41,82;41
41,84;33
41,86;21
41,88;9
41,90;8
41,92;97
41,94;66
41,96;63
41,98;77
41,100;64
41,102;33
41,104;100
41,106;20
41,108;43
41,110;1
41,112;18
41,114;55
41,116;59
41,118;39
41,120;21
41,122;90
41,124;92
41,126;81
41,128;75
41,130;72
41,132;69
41,134;44
41,136;58
41,138;56
41,140;92
41,142;39
41,144;94
41,146;58
41,148;78
41,150;56
41,152;87
41,154;14
41,156;64
41,158;35
41,160;84
41,162;56
41,164;50
41,166;91
41,168;39
41,170;63
41,172;63
41,174;74
41,176;27
41,178;37
41,180;25
41,182;39
41,184;42
41,186;41
41,188;88
41,190;78
41,192;49
41,194;93
41,196;28
41,198;47
41,200;21
43,2;54
43,4;43
43,6;37
43,8;2
43,10;41
43,12;29
43,14;9
43,16;27
43,18;19
43,20;91
43,22;34
43,24;47
43,26;93
43,28;85
43,30;8
43,32;66
43,34;68
43,36;86
43,38;14
43,40;17
43,42;52
43,44;25
43,46;60
43,48;78
43,50;3
43,52;4
43,54;71
43,56;43
43,58;11
43,60;5
43,62;82
43,64;86
43,66;50
43,68;25
43,70;13
43,72;68
43,74;64
43,76;16
43,78;32
43,80;89
43,82;84
43,84;63
43,86;80
43,88;78
43,90;21
43,92;48
43,94;63
43,96;3
43,98;66
43,100;85
43,102;35
43,104;81
43,106;43
43,108;35
43,110;35
43,112;55
43,114;79
43,116;94
43,118;51
43,120;51
43,122;41
43,124;11
43,126;38
43,128;27
43,130;7
43,132;17
43,134;61
43,136;95
43,138;53
43,140;46
43,142;70
43,144;51
43,146;50
43,148;83
43,150;40
43,152;28
43,154;56
43,156;25
43,158;54
43,160;92
43,162;38
43,164;85
43,166;37
43,168;70
43,170;98
43,172;83
43,174;70
43,176;4
43,178;67
43,180;60
43,182;99
43,184;77
43,186;50
43,188;81
43,190;60
43,192;5
43,194;40
43,196;4
43,198;96
43,200;71
45,2;65
45,4;11
45,6;5
45,8;65
45,10;91
45,12;36
45,14;47
45,16;54
45,18;82
45,20;3
45,22;10
45,24;35
45,26;29
45,28;60
45,30;46
45,32;46
45,34;93
45,36;84
45,38;82
45,40;10
45,42;68
45,44;31
45,46;16
45,48;84
45,50;60
45,52;98
45,54;28
45,56;54
45,58;82
45,60;17
45,62;79
45,64;27
45,66;78
45,68;52
45,70;81
45,72;100
45,74;100
45,76;21
45,78;75
45,80;33
45,82;41
45,84;23
45,86;59
45,88;7
45,90;46
45,92;32
45,94;1
45,96;2
45,98;25
45,100;54
45,102;49
45,104;59
45,106;100
45,108;9
45,110;32
45,112;30
45,114;10
45,116;10
45,118;99
45,120;6
45,122;4
45,124;80
45,126;2
45,128;20
45,130;49
45,132;77
45,134;44
45,136;14
45,138;40
45,140;67
45,142;81
45,144;56
45,146;82
45,148;85
45,150;34
45,152;12
45,154;91
45,156;78
45,158;45
45,160;17
45,162;99
45,164;21
45,166;8
45,168;87
45,170;97
45,172;84
45,174;94
45,176;31
45,178;84
45,180;67
45,182;55
45,184;3
45,186;3
45,188;94
45,190;82
45,192;17
45,194;66
45,196;46
45,198;55
45,200;19
47,2;48
47,4;95
47,6;18
47,8;4
47,10;58
47,12;55
47,14;89
47,16;12
47,18;1
47,20;5
47,22;72
47,24;13
47,26;76
47,28;64
47,30;99
47,32;6
47,34;48
47,36;93
47,38;87
47,40;44
47,42;57
47,44;33
47,46;52
47,48;82
47,50;47
47,52;28
47,54;59
47,56;59
47,58;16
47,60;7
47,62;3
47,64;97
47,66;57
47,68;93
47,70;62
47,72;73
47,74;97
47,76;69
47,78;52
47,80;6
47,82;67
47,84;6
47,86;86
47,88;74
47,90;35
47,92;71
47,94;46
47,96;66
47,98;45
47,100;38
47,102;65
47,104;96
47,106;85
47,108;21
47,110;53
47,112;96
47,114;48
47,116;75
47,118;75
47,120;69
47,122;47
47,124;64
47,126;11
47,128;81
47,130;83
47,132;100
47,134;4
47,136;84
47,138;8
47,140;100
47,142;64
47,144;88
47,146;22
47,148;58
47,150;63
47,152;38
47,154;40
47,156;94
47,158;34
47,160;23
47,162;98
47,164;32
47,166;66
47,168;41
47,170;3
47,172;30
47,174;80
47,176;36
47,178;45
47,180;44
47,182;14
47,184;82
47,186;31
47,188;52
47,190;33
47,192;53
47,194;19
47,196;23
47,198;45
47,200;7
49,2;45
49,4;35
49,6;13
49,8;57
49,10;37
49,12;11
49,14;26
49,16;61
49,18;15
49,20;3
49,22;36
49,24;63
49,26;23
49,28;91
49,30;39
49,32;4
49,34;68
49,36;59
49,38;78
49,40;45
49,42;77
49,44;20
49,46;36
49,48;20
49,50;71
49,52;56
49,54;52
49,56;81
49,58;57
49,60;83
49,62;89
49,64;89
49,66;87
49,68;21
49,70;48
49,72;57
49,74;10
49,76;75
49,78;48
49,80;28
49,82;24
49,84;94
49,86;21
49,88;100
49,90;14
49,92;71
49,94;7
49,96;57
49,98;3
49,100;12
49,102;72
49,104;82
49,106;55
49,108;20
49,110;37
49,112;22
49,114;54
49,116;42
49,118;33
49,120;30
49,122;95
49,124;33
49,126;23
49,128;16
49,130;3
49,132;51
49,134;91
49,136;2
49,138;40
49,140;42
49,142;17
49,144;87
49,146;33
49,148;8
49,150;93
49,152;85
49,154;12
49,156;79
49,158;61
49,160;92
49,162;80
49,164;76
49,166;68
49,168;88
49,170;18
49,172;87
49,174;16
49,176;74
49,178;78
49,180;13
49,182;17
49,184;63
49,186;35
49,188;12
49,190;91
49,192;19
49,194;52
49,196;6
49,198;56
49,200;71
51,2;35
51,4;59
51,6;14
51,8;59
51,10;55
51,12;83
51,14;100
51,16;21
51,18;33
51,20;49
51,22;34
51,24;27
51,26;53
51,28;100
51,30;65
51,32;86
51,34;31
51,36;56
51,38;69
51,40;59
51,42;68
51,44;41
51,46;19
51,48;44
51,50;10
51,52;22
51,54;81
51,56;77
51,58;45
51,60;70
51,62;35
51,64;1
51,66;59
51,68;19
51,70;60
51,72;15
51,74;93
51,76;64
51,78;14
51,80;96
51,82;37
51,84;20
51,86;47
51,88;51
51,90;5
51,92;57
51,94;80
51,96;80
51,98;81
51,100;13
51,102;85
51,104;32
51,106;73
51,108;47
51,110;93
51,112;48
51,114;84
51,116;56
51,118;30
51,120;100
51,122;5
51,124;39
51,126;72
51,128;71
51,130;26
51,132;98
51,134;8
51,136;7
51,138;46
51,140;97
51,142;42
51,144;58
51,146;64
51,148;55
51,150;92
51,152;33
51,154;20
51,156;4
51,158;59
51,160;3
51,162;31
51,164;73
51,166;92
51,168;27
51,170;25
51,172;92
51,174;77
51,176;100
51,178;31
51,180;92
51,182;55
51,184;5
51,186;5
51,188;49
51,190;2
51,192;91
51,194;85
51,196;37
51,198;48
51,200;95
53,2;45
53,4;40
53,6;76
53,8;3
53,10;7
53,12;23
53,14;4
53,16;94
53,18;97
53,20;68
53,22;42
53,24;60
53,26;65
53,28;10
53,30;39
53,32;83
53,34;22
53,36;71
53,38;35
53,40;97
53,42;65
53,44;98
53,46;37
53,48;66
53,50;49
53,52;24
53,54;54
53,56;8
53,58;67
53,60;82
53,62;56
53,64;8
53,66;54
53,68;94
53,70;46
53,72;39
53,74;17
53,76;38
53,78;69
53,80;87
53,82;16
53,84;24
53,86;96
53,88;92
53,90;8
53,92;29
53,94;17
53,96;66
53,98;23
53,100;39
53,102;24
53,104;21
53,106;62
53,108;46
53,110;42
53,112;93
53,114;36
53,116;41
53,118;52
53,120;45
53,122;78
53,124;33
53,126;32
53,128;10
53,130;49
53,132;40
53,134;14
53,136;65
53,138;52
53,140;36
53,142;66
53,144;53
53,146;91
53,148;57
53,150;38
53,152;27
53,154;47
53,156;13
53,158;16
53,160;73
53,162;66
53,164;47
53,166;45
53,168;96
53,170;16
53,172;4
53,174;90
53,176;60
53,178;83
53,180;42
53,182;16
53,184;39
53,186;82
53,188;50
53,190;73
53,192;70
53,194;23
53,196;36
53,198;97
53,200;30
55,2;91
55,4;13
55,6;33
55,8;18
55,10;82
55,12;40
55,14;15
55,16;37
55,18;41
55,20;70
55,22;96
55,24;60
55,26;91
55,28;44
55,30;76
55,32;64
55,34;14
55,36;42
55,38;47
55,40;8
55,42;38
55,44;38
55,46;34
55,48;56
55,50;86
55,52;49
55,54;99
55,56;18
55,58;95
55,60;66
55,62;9
55,64;81
55,66;58
55,68;3
55,70;14
55,72;62
55,74;35
55,76;6
55,78;71
55,80;65
55,82;27
55,84;45
55,86;11
55,88;43
55,90;63
55,92;94
55,94;30
55,96;84
55,98;26
55,100;46
55,102;19
55,104;76
55,106;25
55,108;24
55,110;19
55,112;29
55,114;93
55,116;93
55,118;71
55,120;28
55,122;5
55,124;9
55,126;100
55,128;14
55,130;71
55,132;35
55,134;29
55,136;27
55,138;68
55,140;30
55,142;24
55,144;9
55,146;17
55,148;21
55,150;77
55,152;82
55,154;19
55,156;82
55,158;30
55,160;75
55,162;60
55,164;51
55,166;34
55,168;6
55,170;63
55,172;33
55,174;65
55,176;66
55,178;15
55,180;91
55,182;30
55,184;21
55,186;8
55,188;21
55,190;83
55,192;47
55,194;64
55,196;70
55,198;17
55,200;21
57,2;63
57,4;50
57,6;72
57,8;44
57,10;83
57,12;55
57,14;3
57,16;31
57,18;43
57,20;63
57,22;94
57,24;60
57,26;77
57,28;100
57,30;76
57,32;15
57,34;87
57,36;50
57,38;93
57,40;87
57,42;92
57,44;15
57,46;35
57,48;24
57,50;24
57,52;59
57,54;64
57,56;61
57,58;87
57,60;95
57,62;62
57,64;43
57,66;100
57,68;38
57,70;63
57,72;50
57,74;91
57,76;2
57,78;60
57,80;74
57,82;38
57,84;84
57,86;54
57,88;78
57,90;60
57,92;74
57,94;1
57,96;83
57,98;79
57,100;32
57,102;1
57,104;88
57,106;32
57,108;37
57,110;11
57,112;91
57,114;18
57,116;70
57,118;78
57,120;2
57,122;2
57,124;96
57,126;36
57,128;97
57,130;57
57,132;78
57,134;74
57,136;76
57,138;62
57,140;91
57,142;35
57,144;66
57,146;78
57,148;37
57,150;28
57,152;14
57,154;90
57,156;52
57,158;96
57,160;30
57,162;60
57,164;72
57,166;43
57,168;19
57,170;8
57,172;48
57,174;71
57,176;15
57,178;55
57,180;75
57,182;42
57,184;8
57,186;27
57,188;4
57,190;5
57,192;82
57,194;21
57,196;47
57,198;68
57,200;48
59,2;98
59,4;6
59,6;11
59,8;78
59,10;10
59,12;84
59,14;52
59,16;20
59,18;28
59,20;52
59,22;42
59,24;3
59,26;26
59,28;76
59,30;96
59,32;58
59,34;49
59,36;61
59,38;69
59,40;93
59,42;64
59,44;48
59,46;50
59,48;44
59,50;9
59,52;8
59,54;18
59,56;13
59,58;65
59,60;97
59,62;28
59,64;26
59,66;5
59,68;6
59,70;94
59,72;75
59,74;53
59,76;85
59,78;21
59,80;76
59,82;58
59,84;16
59,86;7
59,88;45
59,90;96
59,92;12
59,94;73
59,96;66
59,98;48
59,100;70
59,102;23
59,104;6
59,106;50
59,108;10
59,110;10
59,112;41
59,114;28
59,116;3
59,118;89
59,120;58
59,122;95
59,124;50
59,126;47
59,128;44
59,130;26
59,132;98
59,134;48
59,136;83
59,138;13
59,140;35
59,142;32
59,144;47
59,146;86
59,148;88
59,150;38
59,152;39
59,154;43
59,156;48
59,158;48
59,160;46
59,162;93
59,164;100
59,166;9
59,168;61
59,170;15
59,172;83
59,174;50
59,176;18
59,178;38
59,180;62
59,182;48
59,184;35
59,186;100
59,188;77
59,190;84
59,192;90
59,194;66
59,196;13
59,198;49
59,200;57
61,2;68
61,4;70
61,6;27
61,8;43
61,10;93
61,12;91
61,14;80
61,16;70
61,18;2
61,20;13
61,22;68
61,24;80
61,26;45
61,28;82
61,30;58
61,32;1
61,34;68
61,36;48
61,38;84
61,40;48
61,42;50
61,44;73
61,46;29
61,48;40
61,50;71
61,52;84
61,54;15
61,56;11
61,58;2
61,60;27
61,62;28
61,64;93
61,66;50
61,68;45
61,70;61
61,72;7
61,74;75
61,76;11
61,78;61
61,80;64
61,82;6
61,84;33
61,86;22
61,88;74
61,90;19
61,92;5
61,94;30
61,96;11
61,98;41
61,100;22
61,102;71
61,104;22
61,106;87
61,108;7
61,110;1
61,112;92
61,114;36
61,116;93
61,118;65
61,120;89
61,122;41
61,124;14
61,126;46
61,128;29
61,130;60
61,132;86
61,134;65
61,136;19
61,138;56
61,140;85
61,142;67
61,144;82
61,146;29
61,148;82
61,150;1
61,152;93
61,154;53
61,156;83
61,158;41
61,160;44
61,162;18
61,164;18
61,166;84
61,168;4
61,170;90
61,172;29
61,174;66
61,176;18
61,178;47
61,180;36
61,182;78
61,184;61
61,186;81
61,188;39
61,190;40
61,192;71
61,194;20
61,196;3
61,198;87
61,200;18
63,2;91
63,4;19
63,6;13
63,8;63
63,10;46
63,12;5
63,14;16
63,16;86
63,18;91
63,20;90
63,22;97
63,24;19
63,26;58
63,28;29
63,30;99
63,32;72
63,34;13
63,36;73
63,38;17
63,40;20
63,42;44
63,44;9
63,46;44
63,48;47
63,50;30
63,52;70
63,54;24
63,56;36
63,58;64
63,60;27
63,62;4
63,64;67
63,66;38
63,68;6
63,70;6
63,72;87
63,74;1
63,76;3
63,78;16
63,80;60
63,82;27
63,84;40
63,86;53
63,88;94
63,90;32
63,92;78
63,94;90
63,96;21
63,98;40
63,100;20
63,102;51
63,104;80
63,106;17
63,108;89
63,110;36
63,112;1
63,114;3
63,116;88
63,118;53
63,120;18
63,122;14
63,124;34
63,126;59
63,128;90
63,130;30
63,132;84
63,134;73
63,136;71
63,138;61
63,140;47
63,142;54
63,144;59
63,146;11
63,148;52
63,150;2
63,152;25
63,154;21
63,156;21
63,158;9
63,160;65
63,162;9
63,164;75
63,166;24
63,168;87
63,170;73
63,172;56
63,174;62
63,176;89
63,178;82
63,180;23
63,182;66
63,184;27
63,186;48
63,188;62
63,190;45
63,192;58
63,194;100
63,196;17
63,198;26
63,200;4
65,2;17
65,4;86
65,6;79
65,8;94
65,10;92
65,12;52
65,14;72
65,16;94
65,18;94
65,20;11
65,22;41
65,24;99
65,26;18
65,28;52
65,30;34
65,32;22
65,34;23
65,36;56
65,38;76
65,40;2
65,42;15
65,44;96
65,46;55
65,48;34
65,50;57
65,52;72
65,54;71
65,56;83
65,58;52
65,60;64
65,62;5
65,64;16
65,66;84
65,68;91
65,70;22
65,72;43
65,74;31
65,76;58
65,78;35
65,80;96
65,82;35
65,84;19
65,86;56
65,88;40
65,90;72
65,92;76
65,94;29
65,96;94
65,98;30
65,100;18
65,102;13
65,104;33
65,106;30
65,108;55
65,110;61
65,112;68
65,114;25
65,116;62
65,118;38
65,120;7
65,122;1
65,124;83
65,126;73
65,128;100
65,130;75
65,132;51
65,134;18
65,136;62
65,138;94
65,140;54
65,142;20
65,144;49
65,146;79
65,148;58
65,150;27
65,152;91
65,154;29
65,156;90
65,158;59
65,160;12
65,162;18
65,164;58
65,166;37
65,168;98
65,170;10
65,172;38
65,174;12
65,176;19
65,178;15
65,180;49
65,182;56
65,184;68
65,186;80
65,188;39
65,190;60
65,192;10
65,194;10
65,196;94
65,198;78
65,200;18
67,2;11
67,4;53
67,6;35
67,8;10
67,10;71
67,12;11
67,14;52
67,16;22
67,18;51
67,20;82
67,22;47
67,24;35
67,26;71
67,28;92
67,30;50
67,32;41
67,34;100
67,36;72
67,38;81
67,40;25
67,42;22
67,44;33
67,46;100
67,48;19
67,50;92
67,52;15
67,54;33
67,56;40
67,58;41
67,60;82
67,62;58
67,64;85
67,66;9
67,68;32
67,70;38
67,72;49
67,74;92
67,76;26
67,78;53
67,80;75
67,82;82
67,84;68
67,86;64
67,88;51
67,90;83
67,92;81
67,94;2
67,96;20
67,98;47
67,100;12
67,102;14
67,104;69
67,106;65
67,108;92
67,110;5
67,112;49
67,114;71
67,116;88
67,118;21
67,120;87
67,122;29
67,124;41
67,126;16
67,128;42
67,130;52
67,132;57
67,134;17
67,136;57
67,138;41
67,140;77
67,142;62
67,144;69
67,146;88
67,148;7
67,150;55
67,152;2
67,154;96
67,156;29
67,158;93
67,160;99
67,162;62
67,164;61
67,166;49
67,168;100
67,170;6
67,172;49
67,174;93
67,176;13
67,178;58
67,180;39
67,182;41
67,184;76
67,186;46
67,188;58
67,190;44
67,192;25
67,194;1
67,196;89
67,198;82
67,200;18
69,2;4
69,4;77
69,6;97
69,8;79
69,10;63
69,12;10
69,14;6
69,16;60
69,18;36
69,20;59
69,22;42
69,24;93
69,26;28
69,28;54
69,30;30
69,32;18
69,34;30
69,36;48
69,38;44
69,40;96
69,42;66
69,44;93
69,46;70
69,48;99
69,50;54
69,52;54
69,54;99
69,56;21
69,58;20
69,60;42
69,62;60
69,64;28
69,66;44
69,68;93
69,70;9
69,72;48
69,74;16
69,76;37
69,78;36
69,80;39
69,82;48
69,84;18
69,86;27
69,88;2
69,90;2
69,92;26
69,94;29
69,96;72
69,98;93
69,100;1
69,102;99
69,104;41
69,106;64
69,108;59
69,110;28
69,112;17
69,114;79
69,116;61
69,118;32
69,120;1
69,122;75
69,124;52
69,126;97
69,128;12
69,130;43
69,132;52
69,134;69
69,136;79
69,138;1
69,140;10
69,142;7
69,144;18
69,146;7
69,148;13
69,150;36
69,152;56
69,154;68
69,156;1
69,158;62
69,160;48
69,162;46
69,164;10
69,166;52
69,168;51
69,170;56
69,172;34
69,174;33
69,176;37
69,178;30
69,180;67
69,182;20
69,184;84
69,186;78
69,188;24
69,190;50
69,192;4
69,194;4
69,196;65
69,198;1
69,200;98
71,2;94
71,4;20
71,6;49
71,8;70
71,10;20
71,12;77
71,14;71
71,16;81
71,18;94
71,20;18
71,22;3
71,24;52
71,26;52
71,28;43
71,30;71
71,32;43
71,34;22
71,36;65
71,38;52
71,40;61
71,42;97
71,44;81
71,46;1
71,48;40
71,50;27
71,52;90
71,54;41
71,56;27
71,58;73
71,60;39
71,62;34
71,64;16
71,66;79
71,68;20
71,70;38
71,72;79
71,74;71
71,76;51
71,78;36
71,80;79
71,82;20
71,84;71
71,86;30
71,88;10
71,90;39
71,92;62
71,94;46
71,96;32
71,98;29
71,100;26
71,102;64
71,104;33
71,106;4
71,108;35
71,110;83
71,112;19
71,114;8
71,116;3
71,118;25
71,120;10
71,122;54
71,124;79
71,126;53
71,128;36
71,130;98
71,132;47
71,134;49
71,136;63
71,138;31
71,140;100
71,142;40
71,144;71
71,146;9
71,148;22
71,150;47
71,152;98
71,154;64
71,156;14
71,158;16
71,160;100
71,162;26
71,164;80
71,166;45
71,168;74
71,170;55
71,172;81
71,174;11
71,176;28
71,178;24
71,180;1
71,182;53
71,184;76
71,186;82
71,188;87
71,190;90
71,192;25
71,194;61
71,196;33
71,198;73
71,200;9
73,2;6
73,4;21
73,6;42
73,8;95
73,10;54
73,12;34
73,14;50
73,16;45
73,18;67
73,20;7
73,22;8
73,24;50
73,26;59
73,28;81
73,30;70
73,32;20
73,34;12
73,36;23
73,38;17
73,40;67
73,42;22
73,44;41
73,46;24
73,48;100
73,50;76
73,52;36
73,54;22
73,56;12
73,58;21
73,60;47
73,62;8
73,64;55
73,66;78
73,68;42
73,70;71
73,72;30
73,74;31
73,76;94
73,78;6
73,80;21
73,82;70
73,84;17
73,86;64
73,88;77
73,90;60
73,92;23
73,94;61
73,96;83
73,98;31
73,100;62
73,102;99
73,104;27
73,106;8
73,108;71
73,110;70
73,112;30
73,114;59
73,116;100
73,118;66
73,120;79
73,122;64
73,124;91
73,126;84
73,128;24
73,130;57
73,132;90
73,134;93
73,136;12
73,138;48
73,140;1
73,142;23
73,144;87
73,146;49
73,148;92
73,150;77
73,152;26
73,154;92
73,156;35
73,158;71
73,160;92
73,162;46
73,164;36
73,166;51
73,168;56
73,170;18
73,172;10
73,174;9
73,176;51
73,178;63
73,180;53
73,182;1
73,184;93
73,186;4
73,188;34
73,190;53
73,192;5
73,194;20
73,196;79
73,198;26
73,200;57
75,2;50
75,4;25
75,6;79
75,8;52
75,10;6
75,12;53
75,14;19
75,16;59
75,18;77
75,20;20
75,22;69
75,24;9
75,26;27
75,28;33
75,30;40
75,32;48
75,34;42
75,36;61
75,38;79
75,40;22
75,42;65
75,44;35
75,46;16
75,48;76
75,50;69
75,52;28
75,54;47
75,56;45
75,58;96
75,60;16
75,62;24
75,64;4
75,66;2
75,68;78
75,70;33
75,72;100
75,74;85
75,76;28
75,78;47
75,80;47
75,82;93
75,84;61
75,86;91
75,88;73
75,90;64
75,92;96
75,94;74
75,96;72
75,98;68
75,100;90
75,102;5
75,104;10
75,106;42
75,108;69
75,110;51
75,112;43
75,114;65
75,116;1
75,118;88
75,120;57
75,122;89
75,124;85
75,126;22
75,128;76
75,130;60
75,132;69
75,134;42
75,136;59
75,138;44
75,140;26
75,142;68
75,144;73
75,146;72
75,148;44
75,150;92
75,152;95
75,154;8
75,156;91
75,158;96
75,160;81
75,162;14
75,164;17
75,166;40
75,168;51
75,170;49
75,172;36
75,174;40
75,176;91
75,178;95
75,180;40
75,182;72
75,184;85
75,186;80
75,188;39
75,190;90
75,192;96
75,194;69
75,196;48
75,198;17
75,200;43
77,2;29
77,4;46
77,6;40
77,8;79
77,10;99
77,12;77
77,14;33
77,16;7
77,18;58
77,20;71
77,22;86
77,24;92
77,26;34
77,28;68
77,30;27
77,32;46
77,34;93
77,36;86
77,38;49
77,40;31
77,42;72
77,44;91
77,46;65
77,48;43
77,50;31
77,52;51
77,54;54
77,56;98
77,58;68
77,60;47
77,62;23
77,64;47
77,66;74
77,68;97
77,70;15
77,72;25
77,74;6
77,76;42
77,78;43
77,80;27
77,82;24
77,84;14
77,86;38
77,88;72
77,90;58
77,92;64
77,94;91
77,96;21
77,98;54
77,100;50
77,102;47
77,104;81
77,106;94
77,108;25
77,110;100
77,112;49
77,114;54
77,116;19
77,118;35
77,120;60
77,122;54
77,124;53
77,126;43
77,128;26
77,130;75
77,132;8
77,134;82
77,136;59
77,138;16
77,140;19
77,142;73
77,144;75
77,146;9
77,148;31
77,150;44
77,152;20
77,154;13
77,156;66
77,158;61
77,160;2
77,162;80
77,164;49
77,166;20
77,168;86
77,170;44
77,172;35
77,174;67
77,176;16
77,178;38
77,180;81
77,182;3
77,184;45
77,186;16
77,188;80
77,190;24
77,192;42
77,194;100
77,196;40
77,198;36
77,200;21
79,2;51
79,4;63
79,6;67
79,8;53
79,10;90
79,12;18
79,14;13
79,16;36
79,18;28
79,20;48
79,22;39
79,24;72
79,26;62
79,28;1
79,30;96
79,32;98
79,34;25
79,36;77
79,38;50
79,40;16
79,42;58
79,44;4
79,46;11
79,48;9
79,50;39
79,52;79
79,54;13
79,56;35
79,58;94
79,60;67
79,62;50
79,64;32
79,66;59
79,68;54
79,70;60
79,72;67
79,74;69
79,76;91
79,78;83
79,80;15
79,82;11
79,84;14
79,86;68
79,88;18
79,90;33
79,92;94
79,94;32
79,96;79
79,98;80
79,100;58
79,102;62
79,104;62
79,106;19
79,108;85
79,110;63
79,112;93
79,114;65
79,116;29
79,118;90
79,120;66
79,122;31
79,124;47
79,126;12
79,128;7
79,130;3
79,132;16
79,134;16
79,136;44
79,138;3
79,140;18
79,142;62
79,144;6
79,146;72
79,148;8
79,150;5
79,152;30
79,154;47
79,156;19
79,158;7
79,160;6
79,162;70
79,164;61
79,166;59
79,168;87
79,170;46
79,172;76
79,174;66
79,176;18
79,178;91
79,180;59
79,182;9
79,184;25
79,186;70
79,188;47
79,190;29
79,192;88
79,194;27
79,196;5
79,198;13
79,200;29
81,2;38
81,4;68
81,6;27
81,8;34
81,10;6
81,12;20
81,14;68
81,16;54
81,18;32
81,20;88
81,22;86
81,24;70
81,26;47
81,28;92
81,30;38
81,32;13
81,34;75
81,36;80
81,38;83
81,40;95
81,42;66
81,44;34
81,46;78
81,48;17
81,50;63
81,52;64
81,54;41
81,56;2
81,58;1
81,60;88
81,62;49
81,64;4
81,66;24
81,68;10
81,70;26
81,72;57
81,74;92
81,76;4
81,78;85
81,80;33
81,82;43
81,84;44
81,86;54
81,88;70
81,90;13
81,92;2
81,94;74
81,96;45
81,98;99
81,100;100
81,102;69
81,104;54
81,106;49
81,108;50
81,110;78
81,112;76
81,114;51
81,116;49
81,118;13
81,120;73
81,122;58
81,124;12
81,126;51
81,128;86
81,130;48
81,132;94
81,134;43
81,136;85
81,138;81
81,140;46
81,142;90
81,144;9
81,146;99
81,148;62
81,150;53
81,152;1
81,154;68
81,156;31
81,158;25
81,160;11
81,162;68
81,164;62
81,166;22
81,168;38
81,170;72
81,172;59
81,174;97
81,176;100
81,178;81
81,180;28
81,182;59
81,184;93
81,186;89
81,188;53
81,190;29
81,192;3
81,194;12
81,196;77
81,198;50
81,200;24
83,2;1
83,4;32
83,6;42
83,8;22
83,10;83
83,12;81
83,14;22
83,16;89
83,18;54
83,20;91
83,22;55
83,24;66
83,26;47
83,28;33
83,30;91
83,32;63
83,34;43
83,36;6
83,38;88
83,40;50
83,42;36
83,44;30
83,46;13
83,48;23
83,50;67
83,52;20
83,54;79
83,56;76
83,58;89
83,60;83
83,62;76
83,64;98
83,66;25
83,68;26
83,70;55
83,72;16
83,74;10
83,76;30
83,78;38
83,80;32
83,82;15
83,84;65
83,86;7
83,88;49
83,90;84
83,92;56
83,94;27
83,96;60
83,98;20
83,100;56
83,102;5
83,104;18
83,106;26
83,108;38
83,110;66
83,112;77
83,114;95
83,116;63
83,118;9
83,120;12
83,122;10
83,124;45
83,126;8
83,128;85
83,130;25
83,132;53
83,134;54
83,136;17
83,138;56
83,140;77
83,142;93
83,144;44
83,146;46
83,148;61
83,150;21
83,152;50
83,154;2
83,156;68
83,158;86
83,160;84
83,162;39
83,164;20
83,166;57
83,168;100
83,170;20
83,172;58
83,174;28
83,176;47
83,178;16
83,180;15
83,182;95
83,184;77
83,186;22
83,188;13
83,190;28
83,192;82
83,194;50
83,196;74
83,198;45
83,200;33
85,2;56
85,4;94
85,6;26
85,8;96
85,10;83
85,12;16
85,14;93
85,16;78
85,18;91
85,20;97
85,22;50
85,24;69
85,26;69
85,28;71
85,30;54
85,32;91
85,34;81
85,36;61
85,38;85
85,40;53
85,42;80
85,44;85
85,46;76
85,48;53
85,50;39
85,52;93
85,54;73
85,56;17
85,58;68
85,60;70
85,62;67
85,64;66
85,66;26
85,68;84
85,70;61
85,72;63
85,74;23
85,76;27
85,78;50
85,80;4
85,82;72
85,84;6
85,86;18
85,88;36
85,90;10
85,92;6
85,94;71
85,96;50
85,98;17
85,100;54
85,102;90
85,104;17
85,106;16
85,108;65
85,110;90
85,112;46
85,114;22
85,116;63
85,118;53
85,120;12
85,122;3
85,124;40
85,126;72
85,128;63
85,130;50
85,132;98
85,134;33
85,136;77
85,138;41
85,140;33
85,142;24
85,144;59
85,146;29
85,148;78
85,150;40
85,152;87
85,154;6
85,156;53
85,158;78
85,160;39
85,162;74
85,164;39
85,166;66
85,168;88
85,170;77
85,172;50
85,174;13
85,176;83
85,178;94
85,180;20
85,182;35
85,184;57
85,186;100
85,188;49
85,190;98
85,192;51
85,194;70
85,196;82
85,198;43
85,200;34
87,2;61
87,4;46
87,6;25
87,8;52
87,10;95
87,12;5
87,14;12
87,16;96
87,18;26
87,20;93
87,22;72
87,24;37
87,26;98
87,28;77
87,30;51
87,32;21
87,34;63
87,36;16
87,38;80
87,40;4
87,42;46
87,44;66
87,46;77
87,48;86
87,50;88
87,52;43
87,54;31
87,56;58
87,58;15
87,60;80
87,62;19
87,64;56
87,66;34
87,68;37
87,70;38
87,72;27
87,74;93
87,76;24
87,78;20
87,80;89
87,82;56
87,84;41
87,86;15
87,88;14
87,90;5
87,92;14
87,94;46
87,96;54
87,98;5
87,100;54
87,102;52
87,104;57
87,106;34
87,108;17
87,110;4
87,112;25
87,114;49
87,116;61
87,118;38
87,120;69
87,122;74
87,124;100
87,126;62
87,128;19
87,130;7
87,132;70
87,134;19
87,136;36
87,138;24
87,140;45
87,142;34
87,144;42
87,146;17
87,148;24
87,150;43
87,152;75
87,154;27
87,156;34
87,158;36
87,160;71
87,162;33
87,164;46
87,166;45
87,168;24
87,170;72
87,172;55
87,174;77
87,176;24
87,178;50
87,180;71
87,182;93
87,184;68
87,186;71
87,188;15
87,190;2
87,192;41
87,194;10
87,196;13
87,198;70
87,200;19
89,2;49
89,4;97
89,6;21
89,8;57
89,10;76
89,12;60
89,14;31
89,16;76
89,18;62
89,20;5
89,22;65
89,24;92
89,26;38
89,28;37
89,30;15
89,32;60
89,34;44
89,36;95
89,38;57
89,40;8
89,42;38
89,44;57
89,46;57
89,48;9
89,50;11
89,52;62
89,54;49
89,56;70
89,58;67
89,60;79
89,62;61
89,64;76
89,66;43
89,68;80
89,70;40
89,72;6
89,74;75
89,76;61
89,78;57
89,80;19
89,82;80
89,84;39
89,86;71
89,88;94
89,90;84
89,92;91
89,94;48
89,96;17
89,98;4
89,100;1
89,102;60
89,104;40
89,106;33
89,108;38
89,110;70
89,112;61
89,114;82
89,116;82
89,118;61
89,120;28
89,122;43
89,124;65
89,126;17
89,128;10
89,130;87
89,132;96
89,134;15
89,136;85
89,138;11
89,140;15
89,142;20
89,144;84
89,146;48
89,148;84
89,150;19
89,152;59
89,154;94
89,156;72
89,158;100
89,160;51
89,162;36
89,164;33
89,166;24
89,168;80
89,170;22
89,172;76
89,174;9
89,176;75
89,178;67
89,180;11
89,182;18
89,184;6
89,186;31
89,188;42
89,190;46
89,192;76
89,194;56
89,196;55
89,198;76
89,200;52
91,2;70
91,4;22
91,6;43
91,8;77
91,10;62
91,12;47
91,14;40
91,16;32
91,18;85
91,20;44
91,22;5
91,24;10
91,26;94
91,28;79
91,30;73
91,32;7
91,34;85
91,36;17
91,38;85
91,40;18
91,42;40
91,44;26
91,46;96
91,48;81
91,50;42
91,52;77
91,54;10
91,56;76
91,58;83
91,60;19
91,62;71
91,64;47
91,66;43
91,68;65
91,70;53
91,72;31
91,74;62
91,76;38
91,78;15
91,80;54
91,82;48
91,84;71
91,86;68
91,88;11
91,90;68
91,92;37
91,94;84
91,96;5
91,98;28
91,100;6
91,102;88
91,104;51
91,106;73
91,108;5
91,110;61
91,112;9
91,114;71
91,116;93
91,118;30
91,120;87
91,122;75
91,124;67
91,126;90
91,128;46
91,130;75
91,132;4
91,134;21
91,136;36
91,138;15
91,140;69
91,142;99
91,144;25
91,146;90
91,148;4
91,150;69
91,152;92
91,154;5
91,156;85
91,158;64
91,160;86
91,162;16
91,164;79
91,166;42
91,168;38
91,170;2
91,172;4
91,174;27
91,176;88
91,178;70
91,180;73
91,182;26
91,184;74
91,186;15
91,188;2
91,190;39
91,192;45
91,194;87
91,196;64
91,198;73
91,200;10
93,2;93
93,4;2
93,6;20
93,8;61
93,10;99
93,12;56
93,14;63
93,16;25
93,18;72
93,20;10
93,22;98
93,24;25
93,26;44
93,28;89
93,30;28
93,32;13
93,34;83
93,36;90
93,38;5
93,40;19
93,42;53
93,44;99
93,46;20
93,48;19
93,50;75
93,52;66
93,54;87
93,56;64
93,58;76
93,60;77
93,62;78
93,64;30
93,66;29
93,68;70
93,70;53
93,72;2
93,74;80
93,76;24
93,78;24
93,80;28
93,82;15
93,84;6
93,86;81
93,88;37
93,90;51
93,92;61
93,94;41
93,96;29
93,98;88
93,100;15
93,102;94
93,104;89
93,106;77
93,108;48
93,110;75
93,112;60
93,114;81
93,116;26
93,118;39
93,120;13
93,122;61
93,124;96
93,126;36
93,128;29
93,130;93
93,132;56
93,134;20
93,136;53
93,138;74
93,140;90
93,142;86
93,144;33
93,146;35
93,148;15
93,150;14
93,152;63
93,154;15
93,156;46
93,158;24
93,160;69
93,162;57
93,164;42
93,166;17
93,168;78
93,170;82
93,172;52
93,174;27
93,176;93
93,178;33
93,180;10
93,182;5
93,184;78
93,186;87
93,188;44
93,190;62
93,192;34
93,194;67
93,196;91
93,198;73
93,200;13
95,2;78
95,4;87
95,6;92
95,8;75
95,10;22
95,12;62
95,14;53
95,16;37
95,18;43
95,20;46
95,22;96
95,24;58
95,26;29
95,28;87
95,30;67
95,32;69
95,34;57
95,36;79
95,38;75
95,40;97
95,42;37
95,44;38
95,46;1
95,48;38
95,50;77
95,52;76
95,54;16
95,56;9
95,58;31
95,60;8
95,62;67
95,64;16
95,66;66
95,68;94
95,70;62
95,72;30
95,74;8
95,76;55
95,78;80
95,80;92
95,82;38
95,84;74
95,86;59
95,88;82
95,90;39
95,92;32
95,94;60
95,96;42
95,98;59
95,100;60
95,102;40
95,104;83
95,106;77
95,108;82
95,110;25
95,112;99
95,114;32
95,116;84
95,118;24
95,120;46
95,122;22
95,124;66
95,126;56
95,128;20
95,130;78
95,132;11
95,134;84
95,136;61
95,138;16
95,140;25
95,142;83
95,144;84
95,146;79
95,148;20
95,150;40
95,152;1
95,154;77
95,156;81
95,158;62
95,160;85
95,162;57
95,164;72
95,166;24
95,168;39
95,170;98
95,172;44
95,174;47
95,176;97
95,178;48
95,180;49
95,182;78
95,184;42
95,186;35
95,188;48
95,190;78
95,192;26
95,194;100
95,196;12
95,198;71
95,200;50
97,2;99
97,4;41
97,6;26
97,8;92
97,10;54
97,12;13
97,14;92
97,16;51
97,18;5
97,20;44
97,22;42
97,24;8
97,26;31
97,28;58
97,30;26
97,32;91
97,34;58
97,36;69
97,38;8
97,40;47
97,42;60
97,44;22
97,46;86
97,48;93
97,50;17
97,52;48
97,54;61
97,56;39
97,58;5
97,60;10
97,62;60
97,64;40
97,66;27
97,68;11
97,70;57
97,72;36
97,74;29
97,76;45
97,78;96
97,80;84
97,82;98
97,84;53
97,86;19
97,88;42
97,90;37
97,92;40
97,94;13
97,96;73
97,98;5
97,100;16
97,102;90
97,104;91
97,106;75
97,108;44
97,110;25
97,112;31
97,114;90
97,116;89
97,118;20
97,120;55
97,122;96
97,124;9
97,126;75
97,128;68
97,130;54
97,132;19
97,134;5
97,136;69
97,138;59
97,140;28
97,142;97
97,144;15
97,146;80
97,148;67
97,150;89
97,152;96
97,154;48
97,156;37
97,158;20
97,160;6
97,162;38
97,164;53
97,166;44
97,168;41
97,170;100
97,172;77
97,174;43
97,176;48
97,178;60
97,180;85
97,182;21
97,184;6
97,186;60
97,188;17
97,190;34
97,192;84
97,194;6
97,196;34
97,198;93
97,200;43
99,2;52
99,4;51
99,6;13
99,8;34
99,10;82
99,12;2
99,14;36
99,16;87
99,18;97
99,20;10
99,22;34
99,24;15
99,26;86
99,28;49
99,30;3
99,32;18
99,34;46
99,36;82
99,38;90
99,40;42
99,42;7
99,44;67
99,46;51
99,48;85
99,50;34
99,52;23
99,54;35
99,56;31
99,58;38
99,60;100
99,62;60
99,64;50
99,66;61
99,68;77
99,70;90
99,72;43
99,74;49
99,76;30
99,78;33
99,80;18
99,82;14
99,84;60
99,86;5
99,88;24
99,90;26
99,92;53
99,94;53
99,96;12
99,98;60
99,100;47
99,102;61
99,104;12
99,106;12
99,108;69
99,110;2
99,112;77
99,114;32
99,116;67
99,118;30
99,120;43
99,122;41
99,124;93
99,126;81
99,128;30
99,130;9
99,132;11
99,134;48
99,136;71
99,138;99
99,140;35
99,142;45
99,144;18
99,146;44
99,148;93
99,150;93
99,152;68
99,154;44
99,156;63
99,158;54
99,160;83
99,162;99
99,164;85
99,166;98
99,168;64
99,170;8
99,172;13
99,174;16
99,176;1
99,178;22
99,180;14
99,182;70
99,184;6
99,186;48
99,188;32
99,190;51
99,192;52
99,194;16
99,196;35
99,198;1
99,200;88
101,2;7
101,4;1
101,6;57
101,8;72
101,10;30
101,12;22
101,14;84
101,16;95
101,18;78
101,20;58
101,22;10
101,24;50
101,26;9
101,28;13
101,30;36
101,32;43
101,34;4
101,36;85
101,38;87
101,40;27
101,42;2
101,44;34
101,46;34
101,48;12
101,50;57
101,52;63
101,54;18
101,56;6
101,58;67
101,60;17
101,62;68
101,64;7
101,66;85
101,68;56
101,70;38
101,72;81
101,74;3
101,76;5
101,78;30
101,80;47
101,82;54
101,84;66
101,86;13
101,88;54
101,90;70
101,92;20
101,94;19
101,96;58
101,98;84
101,100;5
101,102;83
101,104;4
101,106;78
101,108;42
101,110;7
101,112;82
101,114;21
101,116;18
101,118;49
101,120;38
101,122;44
101,124;17
101,126;9
101,128;8
101,130;2
101,132;30
101,134;90
101,136;63
101,138;74
101,140;76
101,142;71
101,144;1
101,146;63
101,148;88
101,150;58
101,152;16
101,154;44
101,156;56
101,158;50
101,160;100
101,162;22
101,164;3
101,166;36
101,168;58
101,170;93
101,172;97
101,174;98
101,176;63
101,178;90
101,180;32
101,182;69
101,184;26
101,186;21
101,188;87
101,190;63
101,192;38
101,194;90
101,196;29
101,198;35
101,200;94
103,2;57
103,4;35
103,6;80
103,8;57
103,10;35
103,12;85
103,14;97
103,16;60
103,18;72
103,20;46
103,22;17
103,24;26
103,26;58
103,28;63
103,30;12
103,32;9
103,34;51
103,36;69
103,38;23
103,40;10
103,42;76
103,44;14
103,46;97
103,48;63
103,50;18
103,52;22
103,54;64
103,56;52
103,58;38
103,60;74
103,62;6
103,64;93
103,66;59
103,68;9
103,70;42
103,72;42
103,74;64
103,76;37
103,78;18
103,80;30
103,82;5
103,84;1
103,86;69
103,88;2
103,90;16
103,92;54
103,94;22
103,96;82
103,98;12
103,100;93
103,102;97
103,104;40
103,106;61
103,108;82
103,110;6
103,112;61
103,114;46
103,116;85
103,118;50
103,120;10
103,122;57
103,124;95
103,126;24
103,128;15
103,130;17
103,132;84
103,134;83
103,136;2
103,138;24
103,140;64
103,142;69
103,144;97
103,146;84
103,148;31
103,150;72
103,152;91
103,154;78
103,156;57
103,158;46
103,160;16
103,162;68
103,164;13
103,166;80
103,168;16
103,170;77
103,172;87
103,174;85
103,176;63
103,178;23
103,180;77
103,182;34
103,184;51
103,186;13
103,188;56
103,190;94
103,192;63
103,194;16
103,196;81
103,198;63
103,200;69
105,2;55
105,4;35
105,6;22
105,8;86
105,10;62
105,12;66
105,14;43
105,16;9
105,18;30
105,20;100
105,22;18
105,24;90
105,26;51
105,28;1
105,30;40
105,32;3
105,34;44
105,36;52
105,38;2
105,40;93
105,42;3
105,44;74
105,46;55
105,48;2
105,50;57
105,52;95
105,54;68
105,56;22
105,58;7
105,60;49
105,62;45
105,64;76
105,66;24
105,68;33
105,70;82
105,72;3
105,74;70
105,76;30
105,78;66
105,80;83
105,82;65
105,84;34
105,86;54
105,88;58
105,90;54
105,92;77
105,94;36
105,96;46
105,98;37
105,100;25
105,102;32
105,104;81
105,106;83
105,108;57
105,110;1
105,112;54
105,114;8
105,116;80
105,118;6
105,120;84
105,122;87
105,124;46
105,126;54
105,128;17
105,130;54
105,132;88
105,134;46
105,136;75
105,138;59
105,140;10
105,142;15
105,144;99
105,146;53
105,148;97
105,150;1
105,152;41
105,154;41
105,156;80
105,158;58
105,160;67
105,162;28
105,164;89
105,166;63
105,168;11
105,170;1
105,172;31
105,174;60
105,176;65
105,178;93
105,180;16
105,182;31
105,184;10
105,186;77
105,188;74
105,190;39
105,192;76
105,194;48
105,196;29
105,198;79
105,200;39
107,2;66
107,4;27
107,6;98
107,8;73
107,10;74
107,12;14
107,14;67
107,16;47
107,18;69
107,20;80
107,22;18
107,24;90
107,26;19
107,28;69
107,30;8
107,32;25
107,34;80
107,36;20
107,38;29
107,40;71
107,42;16
107,44;83
107,46;9
107,48;16
107,50;51
107,52;63
107,54;81
107,56;78
107,58;18
107,60;73
107,62;10
107,64;25
107,66;64
107,68;87
107,70;76
107,72;67
107,74;27
107,76;95
107,78;58
107,80;12
107,82;41
107,84;45
107,86;1
107,88;35
107,90;96
107,92;14
107,94;52
107,96;58
107,98;9
107,100;30
107,102;72
107,104;77
107,106;99
107,108;41
107,110;44
107,112;44
107,114;92
107,116;58
107,118;97
107,120;12
107,122;98
107,124;70
107,126;12
107,128;29
107,130;49
107,132;2
107,134;17
107,136;84
107,138;24
107,140;48
107,142;29
107,144;87
107,146;30
107,148;63
107,150;18
107,152;32
107,154;6
107,156;94
107,158;28
107,160;37
107,162;40
107,164;65
107,166;76
107,168;51
107,170;12
107,172;77
107,174;13
107,176;63
107,178;60
107,180;78
107,182;35
107,184;60
107,186;100
107,188;16
107,190;42
107,192;83
107,194;55
107,196;27
107,198;46
107,200;44
109,2;46
109,4;71
109,6;85
109,8;39
109,10;28
109,12;42
109,14;64
109,16;92
109,18;66
109,20;93
109,22;62
109,24;78
109,26;30
109,28;38
109,30;23
109,32;66
109,34;81
109,36;46
109,38;37
109,40;87
109,42;96
109,44;34
109,46;12
109,48;68
109,50;70
109,52;64
109,54;75
109,56;9
109,58;54
109,60;31
109,62;38
109,64;29
109,66;64
109,68;5
109,70;26
109,72;4
109,74;88
109,76;37
109,78;8
109,80;100
109,82;6
109,84;83
109,86;88
109,88;24
109,90;62
109,92;44
109,94;8
109,96;41
109,98;61
109,100;85
109,102;12
109,104;13
109,106;95
109,108;84
109,110;26
109,112;30
109,114;36
109,116;28
109,118;87
109,120;73
109,122;96
109,124;69
109,126;34
109,128;65
109,130;16
109,132;51
109,134;70
109,136;59
109,138;28
109,140;37
109,142;79
109,144;72
109,146;86
109,148;87
109,150;21
109,152;36
109,154;61
109,156;49
109,158;96
109,160;50
109,162;77
109,164;87
109,166;38
109,168;26
109,170;93
109,172;38
109,174;53
109,176;11
109,178;93
109,180;25
109,182;29
109,184;39
109,186;63
109,188;79
109,190;76
109,192;75
109,194;44
109,196;98
109,198;100
109,200;50
111,2;34
111,4;26
111,6;48
111,8;5
111,10;83
111,12;43
111,14;91
111,16;77
111,18;25
111,20;25
111,22;42
111,24;66
111,26;50
111,28;86
111,30;99
111,32;37
111,34;78
111,36;52
111,38;52
111,40;30
111,42;63
111,44;76
111,46;79
111,48;100
111,50;4
111,52;50
111,54;64
111,56;69
111,58;74
111,60;22
111,62;54
111,64;3
111,66;64
111,68;53
111,70;61
111,72;84
111,74;17
111,76;59
111,78;26
111,80;69
111,82;12
111,84;47
111,86;24
111,88;33
111,90;72
111,92;52
111,94;13
111,96;85
111,98;55
111,100;49
111,102;15
111,104;32
111,106;36
111,108;98
111,110;92
111,112;100
111,114;24
111,116;33
111,118;1
111,120;25
111,122;49
111,124;61
111,126;1
111,128;30
111,130;11
111,132;14
111,134;48
111,136;99
111,138;39
111,140;21
111,142;5
111,144;54
111,146;33
111,148;34
111,150;93
111,152;92
111,154;55
111,156;91
111,158;55
111,160;73
111,162;38
111,164;67
111,166;95
111,168;16
111,170;75
111,172;74
111,174;72
111,176;47
111,178;10
111,180;83
111,182;87
111,184;100
111,186;47
111,188;33
111,190;57
111,192;67
111,194;67
111,196;26
111,198;99
111,200;68
113,2;100
113,4;68
113,6;41
113,8;95
113,10;53
113,12;33
113,14;15
113,16;41
113,18;79
113,20;39
113,22;70
113,24;26
113,26;44
113,28;2
113,30;94
113,32;43
113,34;57
113,36;50
113,38;8
113,40;51
113,42;23
113,44;6
113,46;65
113,48;76
113,50;50
113,52;75
113,54;90
113,56;93
113,58;17
113,60;92
113,62;21
113,64;64
113,66;64
113,68;26
113,70;89
113,72;27
113,74;72
113,76;70
113,78;64
113,80;34
113,82;8
113,84;37
113,86;42
113,88;24
113,90;88
113,92;74
113,94;14
113,96;55
113,98;36
113,100;12
113,102;41
113,104;82
113,106;77
113,108;55
113,110;46
113,112;51
113,114;55
113,116;89
113,118;4
113,120;11
113,122;62
113,124;47
113,126;3
113,128;60
113,130;81
113,132;71
113,134;68
113,136;57
113,138;2
113,140;26
113,142;83
113,144;55
113,146;83
113,148;30
113,150;50
113,152;90
113,154;90
113,156;4
113,158;63
113,160;78
113,162;42
113,164;30
113,166;58
113,168;41
113,170;16
113,172;28
113,174;17
113,176;94
113,178;8
113,180;58
113,182;63
113,184;34
113,186;4
113,188;56
113,190;46
113,192;85
113,194;93
113,196;30
113,198;59
113,200;91
115,2;28
115,4;85
115,6;98
115,8;60
115,10;95
115,12;33
115,14;91
115,16;34
115,18;99
115,20;13
115,22;33
115,24;81
115,26;8
115,28;73
115,30;94
115,32;40
115,34;90
115,36;1
115,38;6
115,40;46
115,42;41
115,44;8
115,46;47
115,48;29
115,50;85
115,52;92
115,54;45
115,56;64
115,58;6
115,60;49
115,62;43
115,64;29
115,66;78
115,68;57
115,70;33
115,72;92
115,74;20
115,76;68
115,78;79
115,80;49
115,82;61
115,84;87
115,86;56
115,88;20
115,90;10
115,92;81
115,94;98
115,96;11
115,98;58
115,100;93
115,102;3
115,104;59
115,106;34
115,108;11
115,110;51
115,112;15
115,114;40
115,116;59
115,118;4
115,120;45
115,122;44
115,124;63
115,126;55
115,128;73
115,130;48
115,132;64
115,134;42
115,136;74
115,138;2
115,140;39
115,142;61
115,144;54
115,146;12
115,148;100
115,150;34
115,152;29
115,154;59
115,156;18
115,158;68
115,160;55
115,162;94
115,164;93
115,166;46
115,168;90
115,170;67
115,172;21
115,174;43
115,176;65
115,178;71
115,180;72
115,182;69
115,184;39
115,186;56
115,188;34
115,190;70
115,192;61
115,194;88
115,196;20
115,198;11
115,200;78
117,2;87
117,4;21
117,6;17
117,8;95
117,10;32
117,12;15
117,14;1
117,16;82
117,18;33
117,20;37
117,22;1
117,24;30
117,26;83
117,28;65
117,30;73
117,32;12
117,34;25
117,36;53
117,38;68
117,40;39
117,42;31
117,44;8
117,46;37
117,48;92
117,50;21
117,52;62
117,54;3
117,56;2
117,58;63
117,60;23
117,62;56
117,64;38
117,66;36
117,68;19
117,70;84
117,72;35
117,74;36
117,76;13
117,78;48
117,80;65
117,82;99
117,84;64
117,86;27
117,88;39
117,90;84
117,92;49
117,94;56
117,96;42
117,98;88
117,100;16
117,102;16
117,104;29
117,106;29
117,108;14
117,110;62
117,112;90
117,114;70
117,116;95
117,118;76
117,120;53
117,122;56
117,124;79
117,126;47
117,128;85
117,130;73
117,132;19
117,134;25
117,136;22
117,138;40
117,140;3
117,142;72
117,144;34
117,146;25
117,148;32
117,150;76
117,152;70
117,154;37
117,156;12
117,158;89
117,160;43
117,162;17
117,164;4
117,166;100
117,168;35
117,170;87
117,172;85
117,174;87
117,176;84
117,178;96
117,180;27
117,182;99
117,184;40
117,186;85
117,188;59
117,190;17
117,192;1
117,194;85
117,196;41
117,198;56
117,200;40
119,2;18
119,4;60
119,6;31
119,8;64
119,10;76
119,12;29
119,14;16
119,16;76
119,18;39
119,20;42
119,22;41
119,24;48
119,26;26
119,28;43
119,30;1
119,32;100
119,34;29
119,36;75
119,38;29
119,40;7
119,42;32
119,44;82
119,46;80
119,48;87
119,50;59
119,52;59
119,54;1
119,56;89
119,58;47
119,60;10
119,62;3
119,64;57
119,66;96
119,68;74
119,70;44
119,72;45
119,74;80
119,76;3
119,78;70
119,80;30
119,82;81
119,84;94
119,86;26
119,88;16
119,90;70
119,92;59
119,94;2
119,96;84
119,98;72
119,100;73
119,102;53
119,104;67
119,106;90
119,108;78
119,110;74
119,112;67
119,114;43
119,116;83
119,118;71
119,120;35
119,122;3
119,124;42
119,126;30
119,128;51
119,130;39
119,132;43
119,134;32
119,136;29
119,138;32
119,140;53
119,142;72
119,144;98
119,146;99
119,148;87
119,150;27
119,152;50
119,154;3
119,156;90
119,158;26
119,160;76
119,162;46
119,164;44
119,166;9
119,168;59
119,170;87
119,172;25
119,174;54
119,176;40
119,178;62
119,180;20
119,182;11
119,184;18
119,186;89
119,188;84
119,190;12
119,192;5
119,194;98
119,196;20
119,198;10
119,200;97
121,2;58
121,4;91
121,6;27
121,8;92
121,10;83
121,12;23
121,14;9
121,16;38
121,18;69
121,20;32
121,22;81
121,24;11
121,26;90
121,28;57
121,30;18
121,32;37
121,34;82
121,36;78
121,38;98
121,40;75
121,42;31
121,44;23
121,46;100
121,48;22
121,50;71
121,52;85
121,54;1
121,56;44
121,58;56
121,60;69
121,62;96
121,64;57
121,66;5
121,68;20
121,70;44
121,72;3
121,74;28
121,76;37
121,78;52
121,80;92
121,82;98
121,84;98
121,86;60
121,88;95
121,90;10
121,92;55
121,94;64
121,96;47
121,98;43
121,100;42
121,102;77
121,104;9
121,106;14
121,108;47
121,110;92
121,112;99
121,114;83
121,116;17
121,118;16
121,120;88
121,122;18
121,124;49
121,126;71
121,128;58
121,130;21
121,132;92
121,134;1
121,136;70
121,138;1
121,140;92
121,142;50
121,144;100
121,146;40
121,148;11
121,150;98
121,152;81
121,154;52
121,156;58
121,158;32
121,160;31
121,162;83
121,164;11
121,166;10
121,168;43
121,170;43
121,172;45
121,174;88
121,176;27
121,178;32
121,180;24
121,182;34
121,184;67
121,186;32
121,188;12
121,190;87
121,192;32
121,194;39
121,196;78
121,198;98
121,200;88
123,2;84
123,4;68
123,6;16
123,8;57
123,10;1
123,12;82
123,14;13
123,16;43
123,18;78
123,20;11
123,22;59
123,24;64
123,26;9
123,28;20
123,30;62
123,32;69
123,34;69
123,36;67
123,38;26
123,40;13
123,42;1
123,44;23
123,46;60
123,48;71
123,50;71
123,52;51
123,54;66
123,56;96
123,58;17
123,60;41
123,62;5
123,64;77
123,66;83
123,68;79
123,70;48
123,72;63
123,74;39
123,76;73
123,78;87
123,80;6
123,82;16
123,84;80
123,86;57
123,88;49
123,90;13
123,92;73
123,94;77
123,96;85
123,98;68
123,100;86
123,102;76
123,104;8
123,106;71
123,108;93
123,110;84
123,112;63
123,114;91
123,116;74
123,118;54
123,120;46
123,122;9
123,124;38
123,126;71
123,128;51
123,130;82
123,132;26
123,134;32
123,136;36
123,138;10
123,140;74
123,142;32
123,144;36
123,146;78
123,148;70
123,150;53
123,152;56
123,154;86
123,156;17
123,158;5
123,160;62
123,162;14
123,164;40
123,166;100
123,168;96
123,170;20
123,172;30
123,174;45
123,176;85
123,178;31
123,180;49
123,182;88
123,184;26
123,186;11
123,188;38
123,190;35
123,192;46
123,194;78
123,196;43
123,198;23
123,200;71
125,2;75
125,4;5
125,6;82
125,8;80
125,10;99
125,12;71
125,14;58
125,16;79
125,18;7
125,20;17
125,22;83
125,24;70
125,26;43
125,28;49
125,30;14
125,32;36
125,34;43
125,36;85
125,38;91
125,40;4
125,42;38
125,44;27
125,46;25
125,48;12
125,50;93
125,52;85
125,54;5
125,56;19
125,58;96
125,60;100
125,62;27
125,64;97
125,66;37
125,68;43
125,70;2
125,72;18
125,74;45
125,76;95
125,78;86
125,80;35
125,82;55
125,84;1
125,86;77
125,88;14
125,90;88
125,92;86
125,94;48
125,96;36
125,98;49
125,100;81
125,102;87
125,104;98
125,106;11
125,108;37
125,110;27
125,112;75
125,114;42
125,116;10
125,118;18
125,120;15
125,122;59
125,124;23
125,126;83
125,128;65
125,130;1
125,132;72
125,134;2
125,136;43
125,138;46
125,140;47
125,142;7
125,144;43
125,146;62
125,148;9
125,150;23
125,152;52
125,154;82
125,156;51
125,158;29
125,160;32
125,162;88
125,164;43
125,166;92
125,168;70
125,170;80
125,172;21
125,174;93
125,176;64
125,178;36
125,180;98
125,182;30
125,184;100
125,186;54
125,188;20
125,190;70
125,192;71
125,194;39
125,196;91
125,198;90
125,200;77
127,2;84
127,4;26
127,6;56
127,8;30
127,10;46
127,12;77
127,14;9
127,16;76
127,18;14
127,20;9
127,22;4
127,24;39
127,26;61
127,28;47
127,30;73
127,32;55
127,34;4
127,36;38
127,38;52
127,40;39
127,42;46
127,44;88
127,46;85
127,48;89
127,50;13
127,52;94
127,54;75
127,56;31
127,58;55
127,60;14
127,62;60
127,64;47
127,66;50
127,68;76
127,70;80
127,72;57
127,74;2
127,76;1
127,78;100
127,80;20
127,82;83
127,84;72
127,86;38
127,88;32
127,90;57
127,92;62
127,94;98
127,96;41
127,98;89
127,100;62
127,102;49
127,104;56
127,106;77
127,108;13
127,110;15
127,112;16
127,114;53
127,116;84
127,118;77
127,120;32
127,122;68
127,124;85
127,126;62
127,128;37
127,130;73
127,132;50
127,134;9
127,136;20
127,138;7
127,140;64
127,142;71
127,144;43
127,146;52
127,148;7
127,150;54
127,152;6
127,154;20
127,156;6
127,158;67
127,160;61
127,162;80
127,164;67
127,166;93
127,168;75
127,170;81
127,172;87
127,174;60
127,176;53
127,178;31
127,180;9
127,182;6
127,184;25
127,186;28
127,188;28
127,190;46
127,192;15
127,194;61
127,196;56
127,198;52
127,200;44
129,2;41
129,4;60
129,6;13
129,8;33
129,10;32
129,12;23
129,14;4
129,16;76
129,18;17
129,20;80
129,22;61
129,24;71
129,26;98
129,28;54
129,30;96
129,32;80
129,34;32
129,36;7
129,38;69
129,40;75
129,42;88
129,44;82
129,46;88
129,48;9
129,50;18
129,52;77
129,54;29
129,56;80
129,58;54
129,60;25
129,62;94
129,64;79
129,66;96
129,68;88
129,70;54
129,72;50
129,74;80
129,76;46
129,78;23
129,80;27
129,82;7
129,84;73
129,86;57
129,88;38
129,90;39
129,92;18
129,94;24
129,96;32
129,98;24
129,100;94
129,102;41
129,104;86
129,106;48
129,108;29
129,110;81
129,112;38
129,114;83
129,116;56
129,118;63
129,120;51
129,122;84
129,124;43
129,126;74
129,128;86
129,130;34
129,132;22
129,134;98
129,136;81
129,138;20
129,140;49
129,142;23
129,144;25
129,146;57
129,148;86
129,150;78
129,152;69
129,154;51
129,156;46
129,158;32
129,160;7
129,162;38
129,164;79
129,166;74
129,168;1
129,170;40
129,172;15
129,174;9
129,176;9
129,178;56
129,180;4
129,182;26
129,184;88
129,186;10
129,188;91
129,190;84
129,192;14
129,194;22
129,196;3
129,198;54
129,200;19
131,2;84
131,4;42
131,6;45
131,8;65
131,10;47
131,12;82
131,14;59
131,16;63
131,18;32
131,20;24
131,22;86
131,24;32
131,26;32
131,28;56
131,30;95
131,32;77
131,34;70
131,36;81
131,38;63
131,40;3
131,42;61
131,44;96
131,46;9
131,48;6
131,50;72
131,52;53
131,54;10
131,56;32
131,58;28
131,60;1
131,62;79
131,64;14
131,66;42
131,68;75
131,70;78
131,72;83
131,74;10
131,76;78
131,78;84
131,80;95
131,82;95
131,84;98
131,86;31
131,88;67
131,90;83
131,92;11
131,94;46
131,96;58
131,98;3
131,100;52
131,102;67
131,104;16
131,106;76
131,108;90
131,110;73
131,112;26
131,114;73
131,116;33
131,118;14
131,120;6
131,122;7
131,124;26
131,126;41
131,128;26
131,130;40
131,132;21
131,134;83
131,136;67
131,138;89
131,140;36
131,142;23
131,144;56
131,146;74
131,148;10
131,150;7
131,152;70
131,154;3
131,156;72
131,158;55
131,160;40
131,162;85
131,164;51
131,166;15
131,168;35
131,170;6
131,172;65
131,174;2
131,176;58
131,178;38
131,180;58
131,182;73
131,184;48
131,186;9
131,188;4
131,190;96
131,192;75
131,194;66
131,196;33
131,198;66
131,200;49
133,2;44
133,4;97
133,6;58
133,8;49
133,10;19
133,12;5
133,14;19
133,16;78
133,18;64
133,20;94
133,22;75
133,24;53
133,26;77
133,28;69
133,30;4
133,32;86
133,34;90
133,36;43
133,38;39
133,40;12
133,42;43
133,44;11
133,46;26
133,48;27
133,50;7
133,52;69
133,54;43
133,56;94
133,58;32
133,60;9
133,62;10
133,64;81
133,66;89
133,68;41
133,70;91
133,72;93
133,74;54
133,76;22
133,78;15
133,80;40
133,82;7
133,84;5
133,86;12
133,88;31
133,90;79
133,92;98
133,94;35
133,96;40
133,98;52
133,100;61
133,102;91
133,104;6
133,106;83
133,108;78
133,110;75
133,112;13
133,114;31
133,116;51
133,118;40
133,120;35
133,122;7
133,124;57
133,126;54
133,128;57
133,130;19
133,132;64
133,134;10
133,136;14
133,138;89
133,140;49
133,142;79
133,144;28
133,146;23
133,148;100
133,150;21
133,152;92
133,154;82
133,156;95
133,158;51
133,160;18
133,162;27
133,164;58
133,166;72
133,168;98
133,170;22
133,172;100
133,174;98
133,176;38
133,178;64
133,180;92
133,182;67
133,184;5
133,186;87
133,188;66
133,190;86
133,192;21
133,194;55
133,196;36
133,198;10
133,200;35
135,2;15
135,4;23
135,6;31
135,8;46
135,10;36
135,12;74
135,14;58
135,16;23
135,18;32
135,20;86
135,22;41
135,24;78
135,26;48
135,28;61
135,30;77
135,32;9
135,34;28
135,36;12
135,38;73
135,40;16
135,42;29
135,44;78
135,46;78
135,48;42
135,50;82
135,52;94
135,54;95
135,56;11
135,58;91
135,60;53
135,62;53
135,64;40
135,66;62
135,68;12
135,70;51
135,72;44
135,74;1
135,76;65
135,78;3
135,80;56
135,82;29
135,84;78
135,86;60
135,88;100
135,90;84
135,92;9
135,94;56
135,96;94
135,98;28
135,100;24
135,102;17
135,104;65
135,106;42
135,108;76
135,110;99
135,112;92
135,114;40
135,116;6
135,118;32
135,120;83
135,122;56
135,124;37
135,126;1
135,128;45
135,130;86
135,132;33
135,134;92
135,136;63
135,138;11
135,140;31
135,142;68
135,144;29
135,146;56
135,148;59
135,150;65
135,152;29
135,154;87
135,156;37
135,158;51
135,160;87
135,162;18
135,164;43
135,166;82
135,168;88
135,170;1
135,172;67
135,174;65
135,176;3
135,178;47
135,180;66
135,182;5
135,184;23
135,186;12
135,188;34
135,190;56
135,192;86
135,194;19
135,196;5
135,198;27
135,200;68
137,2;64
137,4;37
137,6;50
137,8;79
137,10;77
137,12;50
137,14;88
137,16;84
137,18;91
137,20;67
137,22;16
137,24;67
137,26;90
137,28;20
137,30;18
137,32;1
137,34;7
137,36;11
137,38;92
137,40;84
137,42;53
137,44;62
137,46;40
137,48;19
137,50;16
137,52;15
137,54;98
137,56;67
137,58;13
137,60;99
137,62;72
137,64;98
137,66;13
137,68;2
137,70;93
137,72;94
137,74;94
137,76;73
137,78;69
137,80;9
137,82;22
137,84;58
137,86;80
137,88;22
137,90;99
137,92;48
137,94;2
137,96;88
137,98;84
137,100;25
137,102;90
137,104;99
137,106;56
137,108;17
137,110;16
137,112;74
137,114;69
137,116;7
137,118;19
137,120;99
137,122;48
137,124;42
137,126;16
137,128;76
137,130;65
137,132;74
137,134;89
137,136;68
137,138;83
137,140;61
137,142;91
137,144;14
137,146;14
137,148;43
137,150;51
137,152;23
137,154;78
137,156;44
137,158;81
137,160;32
137,162;12
137,164;97
137,166;35
137,168;54
137,170;39
137,172;39
137,174;9
137,176;65
137,178;36
137,180;70
137,182;17
137,184;84
137,186;66
137,188;37
137,190;57
137,192;32
137,194;15
137,196;66
137,198;11
137,200;53
139,2;35
139,4;57
139,6;37
139,8;79
139,10;60
139,12;11
139,14;45
139,16;77
139,18;98
139,20;17
139,22;23
139,24;66
139,26;96
139,28;81
139,30;97
139,32;31
139,34;78
139,36;36
139,38;32
139,40;71
139,42;13
139,44;83
139,46;67
139,48;38
139,50;61
139,52;90
139,54;78
139,56;63
139,58;65
139,60;3
139,62;45
139,64;77
139,66;10
139,68;87
139,70;17
139,72;21
139,74;95
139,76;16
139,78;35
139,80;68
139,82;13
139,84;31
139,86;33
139,88;24
139,90;50
139,92;3
139,94;89
139,96;37
139,98;45
139,100;17
139,102;79
139,104;30
139,106;13
139,108;16
139,110;11
139,112;89
139,114;38
139,116;48
139,118;68
139,120;17
139,122;20
139,124;27
139,126;76
139,128;73
139,130;41
139,132;98
139,134;78
139,136;56
139,138;19
139,140;7
139,142;80
139,144;98
139,146;31
139,148;47
139,150;8
139,152;7
139,154;21
139,156;40
139,158;44
139,160;38
139,162;83
139,164;77
139,166;53
139,168;89
139,170;31
139,172;14
139,174;96
139,176;73
139,178;35
139,180;57
139,182;66
139,184;96
139,186;26
139,188;1
139,190;9
139,192;7
139,194;86
139,196;13
139,198;53
139,200;97
141,2;47
141,4;93
141,6;73
141,8;44
141,10;80
141,12;34
141,14;68
141,16;89
141,18;83
141,20;77
141,22;95
141,24;76
141,26;20
141,28;99
141,30;39
141,32;95
141,34;90
141,36;31
141,38;1
141,40;1
141,42;21
141,44;84
141,46;41
141,48;21
141,50;51
141,52;4
141,54;42
141,56;40
141,58;6
141,60;4
141,62;55
141,64;73
141,66;22
141,68;97
141,70;77
141,72;40
141,74;89
141,76;56
141,78;95
141,80;69
141,82;3
141,84;82
141,86;18
141,88;14
141,90;85
141,92;52
141,94;67
141,96;70
141,98;16
141,100;69
141,102;26
141,104;92
141,106;93
141,108;33
141,110;88
141,112;59
141,114;38
141,116;48
141,118;84
141,120;81
141,122;63
141,124;63
141,126;65
141,128;56
141,130;9
141,132;21
141,134;22
141,136;62
141,138;47
141,140;46
141,142;7
141,144;31
141,146;2
141,148;20
141,150;22
141,152;12
141,154;12
141,156;85
141,158;77
141,160;35
141,162;15
141,164;47
141,166;86
141,168;45
141,170;91
141,172;56
141,174;96
141,176;4
141,178;66
141,180;42
141,182;19
141,184;60
141,186;50
141,188;5
141,190;8
141,192;81
141,194;52
141,196;76
141,198;58
141,200;47
143,2;50
143,4;11
143,6;11
143,8;22
143,10;45
143,12;2
143,14;84
143,16;76
143,18;63
143,20;96
143,22;27
143,24;29
143,26;77
143,28;80
143,30;86
143,32;31
143,34;30
143,36;55
143,38;59
143,40;21
143,42;37
143,44;89
143,46;6
143,48;40
143,50;29
143,52;19
143,54;54
143,56;72
143,58;68
143,60;84
143,62;97
143,64;1
143,66;48
143,68;97
143,70;73
143,72;60
143,74;53
143,76;65
143,78;66
143,80;87
143,82;53
143,84;23
143,86;13
143,88;93
143,90;96
143,92;34
143,94;100
143,96;91
143,98;20
143,100;15
143,102;4
143,104;48
143,106;35
143,108;57
143,110;22
143,112;90
143,114;93
143,116;66
143,118;50
143,120;76
143,122;17
143,124;76
143,126;100
143,128;91
143,130;12
143,132;58
143,134;43
143,136;3
143,138;13
143,140;13
143,142;26
143,144;4
143,146;88
143,148;55
143,150;87
143,152;12
143,154;58
143,156;58
143,158;6
143,160;46
143,162;63
143,164;50
143,166;46
143,168;7
143,170;24
143,172;87
143,174;29
143,176;54
143,178;48
143,180;58
143,182;43
143,184;83
143,186;83
143,188;29
143,190;86
143,192;2
143,194;38
143,196;29
143,198;48
143,200;58
145,2;71
145,4;4
145,6;74
145,8;68
145,10;15
145,12;89
145,14;77
145,16;81
145,18;60
145,20;84
145,22;29
145,24;28
145,26;93
145,28;44
145,30;86
145,32;1
145,34;98
145,36;89
145,38;52
145,40;6
145,42;82
145,44;89
145,46;14
145,48;42
145,50;98
145,52;29
145,54;63
145,56;65
145,58;76
145,60;74
145,62;90
145,64;97
145,66;20
145,68;72
145,70;6
145,72;68
145,74;57
145,76;29
145,78;97
145,80;60
145,82;85
145,84;25
145,86;71
145,88;96
145,90;20
145,92;5
145,94;28
145,96;16
145,98;86
145,100;41
145,102;66
145,104;13
145,106;52
145,108;64
145,110;60
145,112;93
145,114;51
145,116;24
145,118;96
145,120;81
145,122;14
145,124;71
145,126;10
145,128;56
145,130;93
145,132;17
145,134;21
145,136;11
145,138;66
145,140;87
145,142;1
145,144;95
145,146;42
145,148;91
145,150;30
145,152;10
145,154;6
145,156;15
145,158;62
145,160;56
145,162;24
145,164;66
145,166;72
145,168;74
145,170;86
145,172;89
145,174;73
145,176;100
145,178;12
145,180;16
145,182;19
145,184;96
145,186;26
145,188;96
145,190;11
145,192;35
145,194;22
145,196;60
145,198;44
145,200;43
147,2;92
147,4;53
147,6;9
147,8;7
147,10;91
147,12;39
147,14;57
147,16;25
147,18;62
147,20;33
147,22;16
147,24;41
147,26;100
147,28;43
147,30;57
147,32;32
147,34;73
147,36;28
147,38;88
147,40;57
147,42;33
147,44;13
147,46;34
147,48;72
147,50;100
147,52;88
147,54;71
147,56;35
147,58;100
147,60;65
147,62;8
147,64;37
147,66;81
147,68;95
147,70;32
147,72;85
147,74;33
147,76;57
147,78;31
147,80;73
147,82;7
147,84;80
147,86;89
147,88;46
147,90;97
147,92;41
147,94;54
147,96;23
147,98;4
147,100;8
147,102;85
147,104;6
147,106;32
147,108;27
147,110;32
147,112;98
147,114;98
147,116;24
147,118;90
147,120;13
147,122;7
147,124;25
147,126;19
147,128;12
147,130;83
147,132;42
147,134;22
147,136;21
147,138;43
147,140;16
147,142;19
147,144;55
147,146;27
147,148;69
147,150;89
147,152;51
147,154;93
147,156;4
147,158;29
147,160;46
147,162;69
147,164;41
147,166;66
147,168;31
147,170;15
147,172;71
147,174;80
147,176;79
147,178;54
147,180;7
147,182;5
147,184;74
147,186;74
147,188;19
147,190;8
147,192;59
147,194;51
147,196;52
147,198;98
147,200;53
149,2;60
149,4;8
149,6;78
149,8;85
149,10;56
149,12;76
149,14;62
149,16;32
149,18;55
149,20;31
149,22;8
149,24;8
149,26;52
149,28;8
149,30;14
149,32;87
149,34;26
149,36;57
149,38;24
149,40;13
149,42;68
149,44;70
149,46;97
149,48;9
149,50;5
149,52;61
149,54;6
149,56;70
149,58;26
149,60;54
149,62;71
149,64;21
149,66;91
149,68;30
149,70;32
149,72;31
149,74;2
149,76;6
149,78;48
149,80;48
149,82;80
149,84;40
149,86;99
149,88;20
149,90;45
149,92;82
149,94;78
149,96;70
149,98;16
149,100;99
149,102;91
149,104;50
149,106;90
149,108;34
149,110;76
149,112;97
149,114;42
149,116;3
149,118;47
149,120;79
149,122;72
149,124;17
149,126;32
149,128;82
149,130;19
149,132;92
149,134;76
149,136;4
149,138;56
149,140;46
149,142;19
149,144;53
149,146;44
149,148;11
149,150;93
149,152;31
149,154;19
149,156;98
149,158;72
149,160;53
149,162;66
149,164;48
149,166;35
149,168;95
149,170;81
149,172;16
149,174;54
149,176;32
149,178;72
149,180;77
149,182;94
149,184;69
149,186;62
149,188;3
149,190;72
149,192;3
149,194;93
149,196;94
149,198;70
149,200;54
151,2;33
151,4;90
151,6;84
151,8;81
151,10;57
151,12;88
151,14;1
151,16;97
151,18;90
151,20;12
151,22;81
151,24;84
151,26;83
151,28;66
151,30;15
151,32;25
151,34;66
151,36;73
151,38;16
151,40;58
151,42;24
151,44;84
151,46;41
151,48;98
151,50;77
151,52;55
151,54;41
151,56;62
151,58;44
151,60;6
151,62;90
151,64;98
151,66;54
151,68;6
151,70;17
151,72;40
151,74;54
151,76;81
151,78;98
151,80;16
151,82;71
151,84;24
151,86;98
151,88;60
151,90;12
151,92;24
151,94;98
151,96;88
151,98;49
151,100;13
151,102;94
151,104;8
151,106;12
151,108;34
151,110;82
151,112;59
151,114;26
151,116;51
151,118;20
151,120;76
151,122;35
151,124;29
151,126;6
151,128;9
151,130;75
151,132;31
151,134;70
151,136;49
151,138;15
151,140;6
151,142;99
151,144;87
151,146;46
151,148;80
151,150;82
151,152;13
151,154;18
151,156;67
151,158;38
151,160;59
151,162;81
151,164;16
151,166;19
151,168;9
151,170;37
151,172;88
151,174;96
151,176;53
151,178;9
151,180;37
151,182;2
151,184;53
151,186;84
151,188;4
151,190;36
151,192;57
151,194;19
151,196;10
151,198;100
151,200;89
153,2;91
153,4;66
153,6;16
153,8;7
153,10;50
153,12;50
153,14;37
153,16;61
153,18;58
153,20;89
153,22;43
153,24;75
153,26;2
153,28;89
153,30;66
153,32;55
153,34;84
153,36;22
153,38;24
153,40;22
153,42;40
153,44;93
153,46;54
153,48;100
153,50;73
153,52;46
153,54;72
153,56;75
153,58;43
153,60;9
153,62;56
153,64;39
153,66;6
153,68;31
153,70;30
153,72;52
153,74;96
153,76;37
153,78;13
153,80;6
153,82;69
153,84;61
153,86;94
153,88;8
153,90;69
153,92;82
153,94;62
153,96;54
153,98;4
153,100;60
153,102;95
153,104;91
153,106;62
153,108;53
153,110;71
153,112;78
153,114;46
153,116;84
153,118;35
153,120;39
153,122;65
153,124;72
153,126;18
153,128;79
153,130;26
153,132;79
153,134;72
153,136;68
153,138;52
153,140;57
153,142;64
153,144;84
153,146;37
153,148;46
153,150;65
153,152;8
153,154;73
153,156;83
153,158;23
153,160;59
153,162;97
153,164;20
153,166;66
153,168;24
153,170;69
153,172;54
153,174;73
153,176;90
153,178;32
153,180;27
153,182;31
153,184;14
153,186;92
153,188;58
153,190;58
153,192;67
153,194;52
153,196;16
153,198;4
153,200;93
155,2;21
155,4;38
155,6;54
155,8;47
155,10;41
155,12;54
155,14;79
155,16;87
155,18;75
155,20;72
155,22;60
155,24;69
155,26;96
155,28;68
155,30;36
155,32;32
155,34;88
155,36;81
155,38;62
155,40;60
155,42;82
155,44;59
155,46;8
155,48;3
155,50;51
155,52;33
155,54;99
155,56;59
155,58;38
155,60;54
155,62;4
155,64;41
155,66;34
155,68;33
155,70;48
155,72;30
155,74;29
155,76;16
155,78;1
155,80;41
155,82;31
155,84;60
155,86;53
155,88;91
155,90;68
155,92;99
155,94;18
155,96;33
155,98;3
155,100;85
155,102;47
155,104;31
155,106;13
155,108;29
155,110;40
155,112;54
155,114;91
155,116;44
155,118;31
155,120;64
155,122;56
155,124;40
155,126;58
155,128;71
155,130;99
155,132;5
155,134;72
155,136;92
155,138;35
155,140;9
155,142;4
155,144;59
155,146;15
155,148;60
155,150;95
155,152;48
155,154;31
155,156;42
155,158;58
155,160;50
155,162;22
155,164;30
155,166;75
155,168;11
155,170;97
155,172;14
155,174;71
155,176;93
155,178;89
155,180;22
155,182;15
155,184;63
155,186;20
155,188;71
155,190;58
155,192;63
155,194;39
155,196;40
155,198;32
155,200;63
157,2;69
157,4;80
157,6;19
157,8;71
157,10;15
157,12;64
157,14;57
157,16;86
157,18;24
157,20;12
157,22;8
157,24;58
157,26;92
157,28;27
157,30;96
157,32;52
157,34;82
157,36;21
157,38;53
157,40;86
157,42;2
157,44;21
157,46;71
157,48;38
157,50;69
157,52;33
157,54;24
157,56;98
157,58;68
157,60;61
157,62;46
157,64;60
157,66;44
157,68;1
157,70;42
157,72;68
157,74;4
157,76;74
157,78;31
157,80;4
157,82;62
157,84;69
157,86;19
157,88;28
157,90;98
157,92;68
157,94;56
157,96;63
157,98;29
157,100;17
157,102;71
157,104;43
157,106;73
157,108;42
157,110;43
157,112;44
157,114;35
157,116;12
157,118;2
157,120;37
157,122;55
157,124;36
157,126;58
157,128;34
157,130;40
157,132;69
157,134;19
157,136;64
157,138;86
157,140;36
157,142;97
157,144;24
157,146;22
157,148;77
157,150;93
157,152;76
157,154;93
157,156;36
157,158;82
157,160;67
157,162;32
157,164;74
157,166;96
157,168;98
157,170;35
157,172;74
157,174;32
157,176;12
157,178;45
157,180;92
157,182;31
157,184;81
157,186;41
157,188;68
157,190;95
157,192;63
157,194;61
157,196;96
157,198;41
157,200;14
159,2;84
159,4;70
159,6;83
159,8;30
159,10;34
159,12;72
159,14;67
159,16;100
159,18;60
159,20;19
159,22;83
159,24;41
159,26;9
159,28;92
159,30;30
159,32;75
159,34;90
159,36;48
159,38;4
159,40;93
159,42;29
159,44;85
159,46;47
159,48;11
159,50;52
159,52;54
159,54;34
159,56;75
159,58;90
159,60;54
159,62;81
159,64;83
159,66;3
159,68;65
159,70;68
159,72;33
159,74;27
159,76;41
159,78;42
159,80;10
159,82;77
159,84;33
159,86;66
159,88;70
159,90;83
159,92;48
159,94;1
159,96;38
159,98;8
159,100;72
159,102;18
159,104;28
159,106;22
159,108;84
159,110;82
159,112;28
159,114;93
159,116;16
159,118;57
159,120;75
159,122;97
159,124;36
159,126;92
159,128;48
159,130;61
159,132;17
159,134;84
159,136;5
159,138;63
159,140;68
159,142;54
159,144;89
159,146;43
159,148;27
159,150;73
159,152;57
159,154;66
159,156;99
159,158;55
159,160;96
159,162;23
159,164;16
159,166;10
159,168;51
159,170;9
159,172;7
159,174;46
159,176;98
159,178;35
159,180;37
159,182;50
159,184;53
159,186;44
159,188;63
159,190;56
159,192;92
159,194;23
159,196;39
159,198;68
159,200;79
161,2;23
161,4;82
161,6;5
161,8;84
161,10;34
161,12;64
161,14;27
161,16;98
161,18;93
161,20;98
161,22;64
161,24;19
161,26;46
161,28;83
161,30;67
161,32;44
161,34;10
161,36;35
161,38;56
161,40;61
161,42;33
161,44;46
161,46;63
161,48;97
161,50;22
161,52;97
161,54;17
161,56;57
161,58;96
161,60;2
161,62;48
161,64;100
161,66;16
161,68;44
161,70;30
161,72;19
161,74;76
161,76;60
161,78;51
161,80;70
161,82;24
161,84;99
161,86;31
161,88;44
161,90;50
161,92;49
161,94;38
161,96;47
161,98;30
161,100;81
161,102;53
161,104;13
161,106;87
161,108;2
161,110;68
161,112;58
161,114;84
161,116;41
161,118;39
161,120;5
161,122;91
161,124;50
161,126;48
161,128;34
161,130;63
161,132;55
161,134;23
161,136;97
161,138;34
161,140;14
161,142;61
161,144;15
161,146;81
161,148;74
161,150;64
161,152;50
161,154;44
161,156;98
161,158;12
161,160;27
161,162;91
161,164;98
161,166;34
161,168;77
161,170;41
161,172;87
161,174;45
161,176;16
161,178;34
161,180;77
161,182;25
161,184;16
161,186;34
161,188;38
161,190;6
161,192;62
161,194;4
161,196;76
161,198;16
161,200;71
163,2;74
163,4;66
163,6;42
163,8;100
163,10;33
163,12;63
163,14;12
163,16;94
163,18;17
163,20;6
163,22;5
163,24;40
163,26;23
163,28;64
163,30;100
163,32;38
163,34;87
163,36;5
163,38;56
163,40;93
163,42;81
163,44;7
163,46;30
163,48;100
163,50;69
163,52;69
163,54;91
163,56;48
163,58;16
163,60;10
163,62;54
163,64;90
163,66;2
163,68;98
163,70;12
163,72;16
163,74;6
163,76;27
163,78;96
163,80;62
163,82;35
163,84;9
163,86;22
163,88;10
163,90;22
163,92;49
163,94;91
163,96;92
163,98;91
163,100;75
163,102;97
163,104;96
163,106;53
163,108;72
163,110;88
163,112;27
163,114;4
163,116;88
163,118;70
163,120;90
163,122;17
163,124;61
163,126;98
163,128;69
163,130;91
163,132;86
163,134;55
163,136;90
163,138;96
163,140;89
163,142;13
163,144;28
163,146;56
163,148;43
163,150;13
163,152;89
163,154;13
163,156;3
163,158;9
163,160;94
163,162;42
163,164;84
163,166;44
163,168;15
163,170;97
163,172;54
163,174;12
163,176;32
163,178;66
163,180;69
163,182;2
163,184;53
163,186;54
163,188;56
163,190;29
163,192;48
163,194;98
163,196;42
163,198;60
163,200;20
165,2;17
165,4;96
165,6;30
165,8;15
165,10;64
165,12;96
165,14;15
165,16;100
165,18;6
165,20;14
165,22;27
165,24;15
165,26;54
165,28;92
165,30;99
165,32;33
165,34;49
165,36;13
165,38;77
165,40;49
165,42;32
165,44;70
165,46;2
165,48;44
165,50;53
165,52;8
165,54;97
165,56;62
165,58;45
165,60;91
165,62;42
165,64;77
165,66;13
165,68;14
165,70;61
165,72;88
165,74;3
165,76;79
165,78;51
165,80;24
165,82;71
165,84;27
165,86;62
165,88;54
165,90;45
165,92;93
165,94;69
165,96;88
165,98;43
165,100;2
165,102;43
165,104;39
165,106;81
165,108;8
165,110;91
165,112;35
165,114;62
165,116;64
165,118;67
165,120;20
165,122;84
165,124;56
165,126;34
165,128;93
165,130;45
165,132;67
165,134;91
165,136;96
165,138;2
165,140;69
165,142;63
165,144;30
165,146;3
165,148;74
165,150;43
165,152;13
165,154;39
165,156;24
165,158;97
165,160;53
165,162;8
165,164;94
165,166;99
165,168;37
165,170;93
165,172;48
165,174;55
165,176;92
165,178;49
165,180;7
165,182;34
165,184;19
165,186;31
165,188;28
165,190;37
165,192;93
165,194;83
165,196;28
165,198;14
165,200;52
167,2;83
167,4;35
167,6;78
167,8;93
167,10;72
167,12;88
167,14;51
167,16;61
167,18;33
167,20;38
167,22;68
167,24;57
167,26;89
167,28;17
167,30;76
167,32;83
167,34;20
167,36;25
167,38;12
167,40;95
167,42;13
167,44;53
167,46;56
167,48;52
167,50;54
167,52;87
167,54;2
167,56;42
167,58;6
167,60;18
167,62;75
167,64;93
167,66;64
167,68;62
167,70;88
167,72;66
167,74;16
167,76;13
167,78;61
167,80;55
167,82;74
167,84;47
167,86;5
167,88;24
167,90;68
167,92;24
167,94;95
167,96;81
167,98;7
167,100;88
167,102;78
167,104;57
167,106;38
167,108;6
167,110;2
167,112;4
167,114;65
167,116;7
167,118;25
167,120;81
167,122;28
167,124;38
167,126;95
167,128;85
167,130;62
167,132;54
167,134;16
167,136;71
167,138;83
167,140;49
167,142;16
167,144;14
167,146;84
167,148;88
167,150;91
167,152;88
167,154;50
167,156;85
167,158;28
167,160;19
167,162;74
167,164;89
167,166;55
167,168;72
167,170;7
167,172;87
167,174;45
167,176;14
167,178;80
167,180;3
167,182;70
167,184;92
167,186;28
167,188;26
167,190;47
167,192;39
167,194;86
167,196;70
167,198;38
167,200;82
169,2;53
169,4;78
169,6;35
169,8;5
169,10;13
169,12;57
169,14;97
169,16;52
169,18;84
169,20;64
169,22;55
169,24;59
169,26;98
169,28;100
169,30;10
169,32;19
169,34;84
169,36;5
169,38;16
169,40;10
169,42;39
169,44;24
169,46;5
169,48;17
169,50;79
169,52;11
169,54;82
169,56;86
169,58;48
169,60;8
169,62;12
169,64;5
169,66;89
169,68;38
169,70;100
169,72;8
169,74;62
169,76;85
169,78;52
169,80;26
169,82;85
169,84;2
169,86;99
169,88;74
169,90;80
169,92;97
169,94;84
169,96;37
169,98;65
169,100;56
169,102;5
169,104;100
169,106;72
169,108;35
169,110;13
169,112;94
169,114;93
169,116;7
169,118;10
169,120;7
169,122;24
169,124;11
169,126;34
169,128;96
169,130;56
169,132;18
169,134;49
169,136;45
169,138;98
169,140;92
169,142;64
169,144;84
169,146;14
169,148;68
169,150;87
169,152;92
169,154;26
169,156;83
169,158;71
169,160;44
169,162;26
169,164;100
169,166;84
169,168;77
169,170;41
169,172;60
169,174;37
169,176;39
169,178;75
169,180;70
169,182;60
169,184;48
169,186;2
169,188;24
169,190;52
169,192;82
169,194;6
169,196;80
169,198;6
169,200;25
171,2;46
171,4;89
171,6;51
171,8;15
171,10;26
171,12;22
171,14;92
171,16;73
171,18;34
171,20;7
171,22;46
171,24;1
171,26;92
171,28;29
171,30;71
171,32;93
171,34;39
171,36;99
171,38;23
171,40;57
171,42;92
171,44;93
171,46;36
171,48;12
171,50;8
171,52;34
171,54;88
171,56;25
171,58;25
171,60;43
171,62;64
171,64;83
171,66;36
171,68;31
171,70;1
171,72;69
171,74;34
171,76;22
171,78;97
171,80;89
171,82;99
171,84;16
171,86;22
171,88;22
171,90;82
171,92;30
171,94;48
171,96;29
171,98;33
171,100;4
171,102;31
171,104;90
171,106;44
171,108;65
171,110;56
171,112;35
171,114;56
171,116;53
171,118;52
171,120;44
171,122;80
171,124;97
171,126;42
171,128;20
171,130;100
171,132;45
171,134;54
171,136;16
171,138;37
171,140;45
171,142;27
171,144;74
171,146;18
171,148;97
171,150;10
171,152;65
171,154;97
171,156;77
171,158;48
171,160;74
171,162;4
171,164;19
171,166;81
171,168;40
171,170;41
171,172;75
171,174;66
171,176;60
171,178;32
171,180;85
171,182;81
171,184;57
171,186;15
171,188;16
171,190;90
171,192;77
171,194;33
171,196;65
171,198;86
171,200;2
173,2;43
173,4;17
173,6;69
173,8;20
173,10;2
173,12;62
173,14;80
173,16;51
173,18;47
173,20;17
173,22;99
173,24;87
173,26;17
173,28;14
173,30;97
173,32;44
173,34;96
173,36;42
173,38;38
173,40;37
173,42;29
173,44;74
173,46;15
173,48;24
173,50;42
173,52;49
173,54;2
173,56;18
173,58;47
173,60;17
173,62;57
173,64;71
173,66;10
173,68;33
173,70;95
173,72;73
173,74;60
173,76;29
173,78;56
173,80;19
173,82;91
173,84;55
173,86;96
173,88;7
173,90;52
173,92;33
173,94;98
173,96;75
173,98;11
173,100;21
173,102;77
173,104;92
173,106;45
173,108;61
173,110;6
173,112;3
173,114;42
173,116;24
173,118;100
173,120;17
173,122;90
173,124;84
173,126;89
173,128;35
173,130;16
173,132;8
173,134;1
173,136;67
173,138;54
173,140;16
173,142;73
173,144;67
173,146;70
173,148;50
173,150;84
173,152;82
173,154;66
173,156;49
173,158;77
173,160;35
173,162;77
173,164;47
173,166;11
173,168;49
173,170;35
173,172;91
173,174;77
173,176;83
173,178;52
173,180;14
173,182;36
173,184;93
173,186;51
173,188;35
173,190;25
173,192;9
173,194;96
173,196;59
173,198;27
173,200;83
175,2;62
175,4;46
175,6;64
175,8;52
175,10;63
175,12;48
175,14;100
175,16;53
175,18;40
175,20;19
175,22;72
175,24;44
175,26;92
175,28;72
175,30;32
175,32;66
175,34;23
175,36;54
175,38;5
175,40;72
175,42;15
175,44;54
175,46;35
175,48;44
175,50;12
175,52;55
175,54;95
175,56;76
175,58;84
175,60;19
175,62;70
175,64;31
175,66;77
175,68;41
175,70;78
175,72;80
175,74;100
175,76;64
175,78;19
175,80;57
175,82;71
175,84;85
175,86;50
175,88;53
175,90;20
175,92;78
175,94;54
175,96;96
175,98;83
175,100;68
175,102;55
175,104;64
175,106;33
175,108;75
175,110;1
175,112;47
175,114;92
175,116;50
175,118;96
175,120;36
175,122;30
175,124;45
175,126;28
175,128;17
175,130;46
175,132;87
175,134;78
175,136;12
175,138;65
175,140;42
175,142;62
175,144;54
175,146;64
175,148;53
175,150;25
175,152;87
175,154;75
175,156;60
175,158;70
175,160;37
175,162;81
175,164;40
175,166;97
175,168;46
175,170;38
175,172;66
175,174;41
175,176;61
175,178;67
175,180;95
175,182;62
175,184;44
175,186;78
175,188;30
175,190;22
175,192;6
175,194;64
175,196;56
175,198;61
175,200;47
177,2;44
177,4;2
177,6;9
177,8;82
177,10;46
177,12;57
177,14;47
177,16;77
177,18;21
177,20;5
177,22;76
177,24;73
177,26;11
177,28;47
177,30;72
177,32;25
177,34;72
177,36;68
177,38;25
177,40;91
177,42;73
177,44;64
177,46;42
177,48;29
177,50;32
177,52;41
177,54;84
177,56;11
177,58;31
177,60;59
177,62;79
177,64;45
177,66;83
177,68;48
177,70;49
177,72;34
177,74;25
177,76;29
177,78;19
177,80;92
177,82;96
177,84;37
177,86;57
177,88;54
177,90;90
177,92;29
177,94;58
177,96;10
177,98;71
177,100;81
177,102;100
177,104;98
177,106;29
177,108;83
177,110;66
177,112;51
177,114;41
177,116;90
177,118;96
177,120;39
177,122;36
177,124;30
177,126;49
177,128;100
177,130;74
177,132;13
177,134;59
177,136;4
177,138;1
177,140;92
177,142;91
177,144;1
177,146;3
177,148;10
177,150;34
177,152;15
177,154;16
177,156;75
177,158;20
177,160;97
177,162;9
177,164;67
177,166;57
177,168;5
177,170;45
177,172;26
177,174;24
177,176;11
177,178;15
177,180;29
177,182;26
177,184;45
177,186;31
177,188;11
177,190;80
177,192;34
177,194;39
177,196;57
177,198;99
177,200;64
179,2;54
179,4;26
179,6;28
179,8;59
179,10;49
179,12;13
179,14;47
179,16;46
179,18;11
179,20;46
179,22;83
179,24;37
179,26;41
179,28;50
179,30;82
179,32;51
179,34;46
179,36;21
179,38;56
179,40;8
179,42;78
179,44;80
179,46;35
179,48;58
179,50;44
179,52;46
179,54;92
179,56;54
179,58;65
179,60;65
179,62;47
179,64;17
179,66;68
179,68;59
179,70;11
179,72;71
179,74;100
179,76;74
179,78;54
179,80;44
179,82;17
179,84;81
179,86;80
179,88;17
179,90;44
179,92;33
179,94;13
179,96;18
179,98;87
179,100;48
179,102;4
179,104;82
179,106;38
179,108;4
179,110;2
179,112;60
179,114;54
179,116;60
179,118;48
179,120;3
179,122;91
179,124;65
179,126;66
179,128;56
179,130;59
179,132;36
179,134;65
179,136;83
179,138;38
179,140;100
179,142;16
179,144;44
179,146;13
179,148;63
179,150;10
179,152;1
179,154;62
179,156;21
179,158;89
179,160;33
179,162;76
179,164;10
179,166;17
179,168;84
179,170;96
179,172;42
179,174;30
179,176;45
179,178;7
179,180;66
179,182;91
179,184;90
179,186;29
179,188;97
179,190;53
179,192;41
179,194;8
179,196;26
179,198;87
179,200;88
181,2;72
181,4;80
181,6;89
181,8;32
181,10;22
181,12;70
181,14;20
181,16;37
181,18;95
181,20;5
181,22;4
181,24;47
181,26;25
181,28;1
181,30;77
181,32;42
181,34;65
181,36;31
181,38;61
181,40;23
181,42;68
181,44;67
181,46;76
181,48;57
181,50;47
181,52;36
181,54;89
181,56;27
181,58;25
181,60;8
181,62;65
181,64;63
181,66;49
181,68;43
181,70;35
181,72;56
181,74;55
181,76;9
181,78;26
181,80;30
181,82;14
181,84;48
181,86;52
181,88;35
181,90;59
181,92;42
181,94;48
181,96;34
181,98;99
181,100;62
181,102;74
181,104;64
181,106;54
181,108;91
181,110;95
181,112;78
181,114;98
181,116;74
181,118;15
181,120;72
181,122;50
181,124;19
181,126;21
181,128;34
181,130;49
181,132;100
181,134;82
181,136;19
181,138;23
181,140;72
181,142;77
181,144;37
181,146;22
181,148;48
181,150;19
181,152;54
181,154;97
181,156;82
181,158;41
181,160;54
181,162;16
181,164;11
181,166;35
181,168;86
181,170;94
181,172;19
181,174;52
181,176;6
181,178;28
181,180;55
181,182;77
181,184;52
181,186;99
181,188;45
181,190;5
181,192;80
181,194;73
181,196;50
181,198;16
181,200;43
183,2;92
183,4;9
183,6;94
183,8;3
183,10;4
183,12;58
183,14;11
183,16;49
183,18;28
183,20;43
183,22;60
183,24;89
183,26;64
183,28;79
183,30;13
183,32;78
183,34;48
183,36;12
183,38;3
183,40;48
183,42;78
183,44;64
183,46;33
183,48;41
183,50;45
183,52;57
183,54;74
183,56;28
183,58;29
183,60;21
183,62;48
183,64;58
183,66;23
183,68;10
183,70;86
183,72;77
183,74;13
183,76;38
183,78;61
183,80;8
183,82;78
183,84;79
183,86;35
183,88;20
183,90;86
183,92;91
183,94;4
183,96;18
183,98;53
183,100;83
183,102;17
183,104;16
183,106;10
183,108;44
183,110;19
183,112;25
183,114;27
183,116;45
183,118;83
183,120;84
183,122;68
183,124;51
183,126;67
183,128;94
183,130;81
183,132;75
183,134;6
183,136;23
183,138;86
183,140;76
183,142;2
183,144;7
183,146;40
183,148;92
183,150;7
183,152;48
183,154;50
183,156;76
183,158;29
183,160;23
183,162;34
183,164;40
183,166;62
183,168;8
183,170;56
183,172;68
183,174;90
183,176;58
183,178;31
183,180;27
183,182;61
183,184;32
183,186;25
183,188;53
183,190;59
183,192;66
183,194;53
183,196;10
183,198;100
183,200;99
185,2;55
185,4;21
185,6;78
185,8;7
185,10;5
185,12;96
185,14;59
185,16;12
185,18;4
185,20;79
185,22;9
185,24;69
185,26;69
185,28;46
185,30;92
185,32;5
185,34;11
185,36;42
185,38;18
185,40;8
185,42;47
185,44;3
185,46;24
185,48;94
185,50;95
185,52;42
185,54;10
185,56;8
185,58;57
185,60;60
185,62;52
185,64;5
185,66;48
185,68;2
185,70;19
185,72;5
185,74;71
185,76;33
185,78;48
185,80;36
185,82;63
185,84;40
185,86;26
185,88;93
185,90;100
185,92;30
185,94;52
185,96;19
185,98;40
185,100;62
185,102;64
185,104;78
185,106;32
185,108;98
185,110;23
185,112;73
185,114;13
185,116;12
185,118;87
185,120;18
185,122;36
185,124;44
185,126;77
185,128;40
185,130;36
185,132;34
185,134;34
185,136;68
185,138;84
185,140;71
185,142;73
185,144;100
185,146;75
185,148;81
185,150;23
185,152;87
185,154;6
185,156;11
185,158;66
185,160;56
185,162;67
185,164;96
185,166;73
185,168;2
185,170;59
185,172;12
185,174;13
185,176;26
185,178;70
185,180;85
185,182;79
185,184;76
185,186;42
185,188;97
185,190;90
185,192;55
185,194;89
185,196;88
185,198;8
185,200;51
187,2;96
187,4;9
187,6;49
187,8;74
187,10;91
187,12;64
187,14;79
187,16;5
187,18;9
187,20;26
187,22;1
187,24;47
187,26;100
187,28;56
187,30;61
187,32;16
187,34;84
187,36;78
187,38;86
187,40;55
187,42;36
187,44;52
187,46;7
187,48;12
187,50;49
187,52;11
187,54;57
187,56;85
187,58;86
187,60;26
187,62;61
187,64;55
187,66;4
187,68;83
187,70;28
187,72;57
187,74;5
187,76;32
187,78;24
187,80;85
187,82;98
187,84;36
187,86;8
187,88;2
187,90;99
187,92;64
187,94;13
187,96;86
187,98;92
187,100;1
187,102;94
187,104;60
187,106;31
187,108;78
187,110;96
187,112;85
187,114;36
187,116;32
187,118;42
187,120;60
187,122;73
187,124;89
187,126;1
187,128;80
187,130;68
187,132;2
187,134;7
187,136;76
187,138;36
187,140;18
187,142;83
187,144;20
187,146;29
187,148;59
187,150;63
187,152;45
187,154;93
187,156;45
187,158;74
187,160;56
187,162;9
187,164;9
187,166;15
187,168;79
187,170;88
187,172;29
187,174;97
187,176;69
187,178;62
187,180;1
187,182;54
187,184;3
187,186;49
187,188;62
187,190;90
187,192;18
187,194;31
187,196;84
187,198;65
187,200;70
189,2;19
189,4;9
189,6;1
189,8;84
189,10;82
189,12;59
189,14;20
189,16;3
189,18;83
189,20;88
189,22;94
189,24;10
189,26;3
189,28;17
189,30;99
189,32;32
189,34;73
189,36;8
189,38;75
189,40;88
189,42;20
189,44;89
189,46;7
189,48;27
189,50;30
189,52;92
189,54;71
189,56;43
189,58;77
189,60;80
189,62;50
189,64;58
189,66;15
189,68;10
189,70;43
189,72;59
189,74;76
189,76;4
189,78;60
189,80;9
189,82;32
189,84;61
189,86;76
189,88;82
189,90;49
189,92;38
189,94;99
189,96;3
189,98;97
189,100;68
189,102;50
189,104;16
189,106;61
189,108;47
189,110;24
189,112;64
189,114;75
189,116;23
189,118;9
189,120;92
189,122;29
189,124;13
189,126;20
189,128;83
189,130;46
189,132;97
189,134;10
189,136;92
189,138;81
189,140;93
189,142;33
189,144;12
189,146;60
189,148;74
189,150;54
189,152;95
189,154;85
189,156;71
189,158;24
189,160;90
189,162;77
189,164;62
189,166;43
189,168;81
189,170;98
189,172;95
189,174;90
189,176;5
189,178;11
189,180;76
189,182;27
189,184;74
189,186;84
189,188;90
189,190;28
189,192;75
189,194;92
189,196;81
189,198;56
189,200;49
191,2;75
191,4;7
191,6;24
191,8;96
191,10;40
191,12;23
191,14;90
191,16;39
191,18;84
191,20;52
191,22;79
191,24;55
191,26;11
191,28;19
191,30;21
191,32;62
191,34;84
191,36;57
191,38;61
191,40;53
191,42;18
191,44;32
191,46;54
191,48;7
191,50;89
191,52;98
191,54;24
191,56;3
191,58;46
191,60;21
191,62;47
191,64;33
191,66;8
191,68;4
191,70;10
191,72;65
191,74;3
191,76;45
191,78;80
191,80;92
191,82;51
191,84;60
191,86;17
191,88;31
191,90;83
191,92;75
191,94;11
191,96;9
191,98;51
191,100;3
191,102;48
191,104;25
191,106;70
191,108;98
191,110;41
191,112;65
191,114;87
191,116;92
191,118;91
191,120;59
191,122;5
191,124;57
191,126;69
191,128;77
191,130;56
191,132;10
191,134;19
191,136;69
191,138;86
191,140;42
191,142;23
191,144;56
191,146;14
191,148;7
191,150;44
191,152;2
191,154;32
191,156;86
191,158;93
191,160;21
191,162;43
191,164;99
191,166;34
191,168;39
191,170;18
191,172;27
191,174;92
191,176;48
191,178;63
191,180;95
191,182;28
191,184;9
191,186;14
191,188;79
191,190;32
191,192;53
191,194;15
191,196;46
191,198;92
191,200;20
193,2;77
193,4;4
193,6;15
193,8;54
193,10;10
193,12;16
193,14;60
193,16;49
193,18;37
193,20;6
193,22;94
193,24;77
193,26;7
193,28;27
193,30;22
193,32;16
193,34;99
193,36;30
193,38;39
193,40;82
193,42;36
193,44;78
193,46;88
193,48;19
193,50;62
193,52;99
193,54;98
193,56;43
193,58;91
193,60;40
193,62;82
193,64;85
193,66;94
193,68;52
193,70;58
193,72;61
193,74;40
193,76;35
193,78;95
193,80;29
193,82;10
193,84;10
193,86;84
193,88;38
193,90;45
193,92;18
193,94;34
193,96;14
193,98;41
193,100;63
193,102;66
193,104;32
193,106;73
193,108;82
193,110;69
193,112;61
193,114;14
193,116;87
193,118;65
193,120;25
193,122;54
193,124;63
193,126;85
193,128;80
193,130;51
193,132;51
193,134;65
193,136;15
193,138;11
193,140;27
193,142;4
193,144;33
193,146;38
193,148;44
193,150;8
193,152;3
193,154;66
193,156;61
193,158;36
193,160;4
193,162;61
193,164;71
193,166;43
193,168;7
193,170;38
193,172;83
193,174;41
193,176;45
193,178;62
193,180;48
193,182;44
193,184;12
193,186;10
193,188;2
193,190;72
193,192;84
193,194;79
193,196;96
193,198;61
193,200;56
195,2;77
195,4;18
195,6;55
195,8;34
195,10;82
195,12;61
195,14;85
195,16;52
195,18;36
195,20;79
195,22;9
195,24;97
195,26;18
195,28;63
195,30;75
195,32;60
195,34;53
195,36;97
195,38;27
195,40;38
195,42;25
195,44;50
195,46;40
195,48;85
195,50;13
195,52;93
195,54;67
195,56;57
195,58;95
195,60;78
195,62;49
195,64;26
195,66;69
195,68;68
195,70;39
195,72;23
195,74;17
195,76;87
195,78;24
195,80;99
195,82;7
195,84;65
195,86;85
195,88;87
195,90;56
195,92;7
195,94;20
195,96;44
195,98;37
195,100;21
195,102;72
195,104;90
195,106;67
195,108;73
195,110;69
195,112;77
195,114;27
195,116;38
195,118;74
195,120;58
195,122;19
195,124;6
195,126;11
195,128;77
195,130;97
195,132;19
195,134;8
195,136;87
195,138;18
195,140;99
195,142;49
195,144;15
195,146;68
195,148;95
195,150;12
195,152;68
195,154;44
195,156;86
195,158;60
195,160;2
195,162;99
195,164;28
195,166;70
195,168;9
195,170;94
195,172;26
195,174;69
195,176;9
195,178;38
195,180;60
195,182;57
195,184;30
195,186;26
195,188;39
195,190;35
195,192;37
195,194;26
195,196;90
195,198;14
195,200;57
197,2;90
197,4;26
197,6;75
197,8;58
197,10;72
197,12;67
197,14;8
197,16;60
197,18;96
197,20;42
197,22;50
197,24;1
197,26;71
197,28;73
197,30;58
197,32;24
197,34;74
197,36;82
197,38;100
197,40;40
197,42;10
197,44;64
197,46;46
197,48;27
197,50;12
197,52;96
197,54;8
197,56;55
197,58;8
197,60;95
197,62;7
197,64;6
197,66;16
197,68;1
197,70;25
197,72;66
197,74;65
197,76;6
197,78;8
197,80;26
197,82;65
197,84;63
197,86;75
197,88;5
197,90;5
197,92;78
197,94;11
197,96;2
197,98;46
197,100;78
197,102;54
197,104;1
197,106;54
197,108;25
197,110;78
197,112;8
197,114;30
197,116;49
197,118;4
197,120;2
197,122;77
197,124;2
197,126;36
197,128;41
197,130;40
197,132;77
197,134;95
197,136;55
197,138;30
197,140;75
197,142;89
197,144;37
197,146;18
197,148;42
197,150;20
197,152;74
197,154;28
197,156;17
197,158;48
197,160;59
197,162;22
197,164;88
197,166;100
197,168;55
197,170;36
197,172;57
197,174;80
197,176;94
197,178;86
197,180;55
197,182;14
197,184;21
197,186;66
197,188;89
197,190;98
197,192;78
197,194;72
197,196;76
197,198;7
197,200;8
199,2;31
199,4;30
199,6;97
199,8;1
199,10;54
199,12;46
199,14;18
199,16;9
199,18;48
199,20;53
199,22;63
199,24;93
199,26;92
199,28;16
199,30;65
199,32;44
199,34;86
199,36;67
199,38;71
199,40;56
199,42;75
199,44;98
199,46;54
199,48;10
199,50;56
199,52;26
199,54;45
199,56;41
199,58;77
199,60;28
199,62;57
199,64;9
199,66;7
199,68;37
199,70;97
199,72;51
199,74;18
199,76;45
199,78;99
199,80;24
199,82;74
199,84;36
199,86;60
199,88;99
199,90;46
199,92;99
199,94;98
199,96;80
199,98;22
199,100;7
199,102;70
199,104;94
199,106;82
199,108;84
199,110;7
199,112;28
199,114;61
199,116;1
199,118;15
199,120;62
199,122;25
199,124;53
199,126;25
199,128;93
199,130;54
199,132;12
199,134;61
199,136;12
199,138;13
199,140;6
199,142;28
199,144;37
199,146;84
199,148;78
199,150;91
199,152;92
199,154;2
199,156;15
199,158;39
199,160;63
199,162;82
199,164;67
199,166;67
199,168;85
199,170;78
199,172;89
199,174;92
199,176;67
199,178;76
199,180;28
199,182;50
199,184;50
199,186;43
199,188;44
199,190;89
199,192;92
199,194;80
199,196;87
199,198;58
199,200;35
